Пробег,Марка,Объем двигателя,Год создания,Тип двигателя,Цена,Лошадиные силы,Расход,Кол-во мест,Трансмиссия
298 000,Фольксваген, 1.4,2011,бензин,850 000,122,0,- мест,-----
,---,,0,-,No price,---,0,- мест,-----
343 467,Хонда, 1.5,2002,бензин,250 000,105,0,5,АКПП
95 100,Мицубиси, 1.8,2014,бензин,1 650 000,140,0,- мест,-----
185 000,Хендай, 1.4,2018,бензин,830 000,100,0,- мест,-----
39 000,Шевроле, 1.5,2021,бензин,1 380 000,113,0,- мест,-----
87 000,Ауди, 2.0,2015,бензин,3 549 999,230,0,- мест,-----
162 671,Мини, 1.6,2007,бензин,985 000,174,6.9,4 ,АКПП
5 000,Zeekr,---,001,электро,5 500 000,536,0,5,Редуктор
178 000,Ленд, 3.0,2017,дизель,5 640 000,249,6.9,5,АКПП
80 000,Мерседес, 2.9,2021,дизель,10 600 000,330,7.9,7,АКПП
251 000,Мицубиси, 2.3,5,дизель,2 550 000,148,0,7,АКПП
3 500,RAM, 6.2,1500,бензин,16 300 000,702,19.6,5,АКПП
,---,,0,-,No price,---,0,- мест,-----
67 000,Тойота, 2.5,2018,бензин,4 300 000,152,5.2,8,Вариатор
,---,,0,-,No price,---,0,- мест,-----
64 588,Тойота, 1.0,2016,бензин,1 190 000,69,4.1,5,Вариатор
40 000,Хонда, 1.5,2019,бензин,3 150 000,150,0,- мест,-----
38 800,Мицубиси, 2.3,5,дизель,4 295 000,145,7.9,8,АКПП
,---,,0,-,No price,---,0,- мест,-----
,---,,0,-,No price,---,0,- мест,-----
84 074,Тойота, 1.6,2014,бензин,1 628 000,122,0,- мест,-----
99 219,Фольксваген, 1.4,2013,бензин,1 242 000,150,0,- мест,-----
207 705,Форд, 1.6,2006,бензин,420 000,115,0,- мест,-----
235 000,Лада, 1.5,2115,бензин,100 000,76,7.3,5,МКПП
120 000,Лада, 1.6,2114,бензин,285 000,80,0,- мест,-----
328 417,Фольксваген, 1.6,1990,бензин,130 000,72,0,5,МКПП
,---,,0,-,No price,---,0,- мест,-----
92 213,Вольво, 2.0,60,бензин,4 080 000,249,7.8,5,АКПП
111 111,Тойота, 1.8,2018,бензин,1 800 000,98,3.3,5,Вариатор
200 000,LADA, 1.6,2017,бензин,800 000,102,7.9,5,МКПП
,---,,0,-,No price,---,0,- мест,-----
260 000,Фольксваген, 2.0,2012,дизель,1 700 000,180,8.0,5,МКПП
15 353,Чанган, 1.4,35,бензин,2 099 444,150,0,- мест,-----
,---,,0,-,No price,---,0,- мест,-----
86 800,LADA, 1.6,2020,бензин,930 000,106,6.9,5,МКПП
95 100,Ниссан, 1.6,2015,бензин,880 000,117,6.4,5,МКПП
50 200,Мини, 1.5,2021,бензин,2 949 667,136,0,- мест,-----
80 000,Тойота, 1.5,2010,бензин,1 500 000,110,0,- мест,-----
276 000,Лада, 1.6,2114,бензин,285 000,81,0,- мест,-----
147 000,Киа, 2.4,2020,бензин,2 150 000,175,8.8,5,МКПП
147 000,Мини, 1.6,2012,бензин,1 150 000,122,6.4,4 ,АКПП
206 815,Ленд, 4.4,2017,дизель,4 619 000,339,0,- мест,-----
260 000,Лада, 1.5,21099,бензин,40 000,70,0,- мест,-----
168 000,Рено, 1.4,2003,бензин,300 000,92,0,- мест,-----
87 091,Инфинити, 3.5,35,бензин,2 147 000,265,0,- мест,-----
,---,,0,-,No price,---,0,- мест,-----
160 000,Рено, 1.6,2008,бензин,490 000,87,7.3,5,МКПП
86 892,Форд, 1.5,2018,бензин,1 450 000,150,0,- мест,-----
53 468,Ленд, 2.0,2019,дизель,3 800 000,240,0,- мест,-----
,---,,0,-,No price,---,0,- мест,-----
78 000,Хендай, 1.1,2010,бензин,680 000,67,0,- мест,-----
159 000,Тойота, 2.0,4,бензин,1 150 000,152,0,- мест,-----
213 000,Ниссан, 1.8,2008,бензин,579 000,126,0,- мест,-----
,---,,0,-,No price,---,0,- мест,-----
334 000,Шевроле, 1.5,2013,бензин,390 000,106,6.5,5,МКПП
222 280,Ауди, 1.4,3,бензин,800 000,125,0,- мест,-----
199 619,Форд, 2.0,2012,бензин,920 000,150,0,- мест,-----
,---,,0,-,No price,---,0,- мест,-----
35 000,Рено, 2.0,2017,бензин,1 799 000,143,0,- мест,-----
27 049,Джили, 1.5,2022,бензин,2 320 000,177,6.8,5,Робот
,---,,0,-,No price,---,0,- мест,-----
196 309,Фольксваген, 2.0,2018,дизель,2 970 000,140,0,- мест,-----
140 849,Фольксваген, 1.8,2014,бензин,1 349 000,152,0,- мест,-----
193 000,Хендай, 1.4,2014,бензин,825 000,107,6.4,5,АКПП
90 952,БМВ, 3.0,3,дизель,5 190 000,249,0,- мест,-----
118 564,Мазда, 2.0,5,бензин,2 490 000,150,6.9,5,АКПП
55 000,Опель, 1.6,2020,бензин,2 649 000,150,0,- мест,-----
220 000,БМВ, 2.0,5,дизель,2 100 000,190,4.5,5,АКПП
32 007,Ситроен, 1.6,4,бензин,1 849 000,150,6.5,5,АКПП
127 335,Фольксваген, 2.0,2018,дизель,4 399 000,180,0,- мест,-----
246 000,Крайслер, 2.4,2000,бензин,270 000,150,0,7,АКПП
136 000,Тойота, 2.0,2,бензин,3 100 000,150,6.0,5,Вариатор
139 000,Saab, 2.3,9,бензин,550 000,---,0,- мест,-----
328 784,Тойота, 4.0,1985,дизель,1 250 000,103,0,- мест,-----
65 243,Чери, 1.5,4,бензин,1 350 000,113,0,- мест,-----
183 924,Киа, 1.6,2007,бензин,539 000,122,0,- мест,-----
41 044,Лада, 1.6,2107,бензин,160 000,72,0,- мест,-----
104 000,Мерседес, 2.0,2017,бензин,3 700 000,184,0,5,АКПП
167 762,Фольксваген, 2.0,2012,бензин,1 385 700,170,0,- мест,-----
249 030,Рено, 1.6,2013,бензин,786 800,84,0,- мест,-----
,---,,0,-,No price,---,0,- мест,-----
68 700,Джили, 2.4,2020,бензин,1 930 000,149,0,- мест,-----
149 541,Фольксваген, 1.4,2012,бензин,1 100 000,122,0,- мест,-----
84 760,Киа, 1.6,2012,бензин,1 030 000,123,0,- мест,-----
70 000,Лексус, 2.0,300,бензин,5 450 000,238,7.9,5,АКПП
70 494,Фольксваген, 1.6,2017,бензин,1 240 000,110,0,- мест,-----
60 448,Киа, 1.6,2019,бензин,1 750 000,128,0,- мест,-----
77 299,Донг, 1.6,30,бензин,750 000,117,7.4,5,АКПП
260 000,Peugeot, 2.0,407,бензин,290 000,136,0,- мест,-----
138 000,Киа, 1.6,2016,бензин,1 099 000,123,0,- мест,-----
,---,,0,-,No price,---,0,- мест,-----
205 000,Шевроле, 1.5,2006,бензин,190 000,86,6.7,5,МКПП
87 000,Хендай, 1.8,2014,бензин,1 450 000,150,7.0,5,АКПП
,---,,0,-,No price,---,0,- мест,-----
106 212,Киа, 2.5,5,бензин,2 650 000,194,0,- мест,-----
65 000,LADA, 1.6,2018,бензин,999 000,106,0,- мест,-----
40 000,Тойота, 2.0,4,бензин,3 899 000,149,6.6,5,Вариатор
73 000,Хендай, 2.0,2018,бензин,2 159 000,150,0,- мест,-----
300 000,Тойота, 2.0,4,бензин,1 419 000,158,0,- мест,-----
,---,,0,-,No price,---,0,- мест,-----
346 222,Хендай, 1.5,2008,бензин,300 000,102,0,- мест,-----
36 667,Чери, 1.5,4,бензин,1 250 000,113,0,- мест,-----
140 000,Мерседес, 2.0,2019,дизель,3 450 000,194,4.8,5,АКПП
201 000,Рено, 1.4,2002,бензин,295 000,75,0,- мест,-----
200 000,Лада, 1.5,2106,бензин,170 000,72,0,5,МКПП
,---,,0,-,No price,---,0,- мест,-----
,---,,0,-,No price,---,0,- мест,-----
314 000,Киа, 2.0,2010,бензин,809 000,141,8.0,5,МКПП
210 856,Хонда, 2.4,2013,бензин,1 540 000,180,0,- мест,-----
31 000,Мерседес, 3.0,2020,бензин,7 500 000,367,9.0,5,АКПП
90 000,Ситроен, 2.0,2021,дизель,3 399 000,150,6.2,8,АКПП
382 000,Джип, 3.6,2010,бензин,1 299 000,286,0,- мест,-----
120 448,LADA, 1.6,2020,бензин,1 149 000,106,0,- мест,-----
,---,,0,-,No price,---,0,- мест,-----
,---,,0,-,No price,---,0,- мест,-----
,---,,0,-,No price,---,0,- мест,-----
,---,,0,-,No price,---,0,- мест,-----
170 000,Ленд, 5.0,2019,бензин,9 250 000,525,12.8,5,АКПП
,---,,0,-,No price,---,0,- мест,-----
189 000,Сеат, 1.2,2013,бензин,899 000,105,4.8,5,Робот
242 000,Форд, 1.8,2008,бензин,600 000,125,7.0,5,МКПП
246 000,Ленд, 2.7,2007,дизель,1 199 000,190,10.2,5,АКПП
225 000,Киа, 2.0,2011,бензин,1 019 000,150,0,- мест,-----
374 450,Рено, 1.6,2010,бензин,435 000,84,0,- мест,-----
,---,,0,-,No price,---,0,- мест,-----
192 500,БМВ, 2.0,3,бензин,1 040 000,136,7.8,5,АКПП
280 000,Тойота, 2.0,4,бензин,430 000,135,0,- мест,-----
,---,,0,-,No price,---,0,- мест,-----
,---,,0,-,No price,---,0,- мест,-----
10 600,Рено, 1.6,2020,бензин,1 420 000,102,0,- мест,-----
160 064,Peugeot, 1.6,308,бензин,580 000,120,0,- мест,-----
174 000,Ауди, 2.0,4,бензин,2 750 000,249,0,- мест,-----
86 000,Хендай, 2.0,2018,бензин,1 949 000,150,0,- мест,-----
79 000,Хавейл, 2.0,7,бензин,2 049 000,190,9.4,5,Робот
,---,,0,-,No price,---,0,- мест,-----
142 000,Рено, 1.6,2017,бензин,1 099 000,102,0,- мест,-----
201 000,Тойота, 2.0,2015,бензин,1 700 000,150,7.2,5,АКПП
256 000,Мицубиси, 3.0,2000,бензин,500 000,177,0,5,АКПП
405 000,Додж, 2.7,2002,бензин,333 333,200,9.8,5,АКПП
125 000,Ниссан, 1.2,2017,бензин,1 459 000,115,0,- мест,-----
,---,,0,-,No price,---,0,- мест,-----
83 570,Фольксваген, 1.4,2018,бензин,2 185 300,125,0,- мест,-----
130 610,LADA, 1.6,2018,бензин,895 000,106,0,- мест,-----
,---,,0,-,No price,---,0,- мест,-----
24,Воях,,2023,-,5 380 000,---,0,- мест,-----
52 000,Сузуки, 1.4,2018,бензин,1 650 000,140,6.1,5,МКПП
,---,,0,-,No price,---,0,- мест,-----
173 475,Volvo, 1.6,60,бензин,1 150 000,150,0,- мест,-----
160 000,Лада, 1.5,3,бензин,60 000,72,0,5,МКПП
,---,,0,-,No price,---,0,- мест,-----
75 000,Фольксваген, 3.0,2018,дизель,6 190 000,286,6.6,5,АКПП
119 114,Фольксваген, 2.0,2021,бензин,3 950 000,220,0,- мест,-----
,---,,0,-,No price,---,0,- мест,-----
121 000,Рено, 1.6,2017,бензин,1 380 000,114,0,- мест,-----
,---,,0,-,No price,---,0,- мест,-----
845,БИД, гибр,2023,1.5 л,6 900 000,629,0,- мест,-----
,---,,0,-,No price,---,0,- мест,-----
,---,,0,-,No price,---,0,- мест,-----
70 000,Мерседес, 3.0,2019,бензин,8 750 000,367,9.2,4 ,АКПП
186 042,Хендай, 1.6,2015,бензин,849 000,123,0,- мест,-----
41 848,LADA, 1.6,2022,бензин,819 000,90,0,- мест,-----
167 094,Фольксваген, 2.0,2010,бензин,1 199 000,170,0,- мест,-----
,---,,0,-,No price,---,0,- мест,-----
166 137,Лексус, 5.7,570,бензин,5 200 000,367,0,- мест,-----
,---,,0,-,No price,---,0,- мест,-----
,---,,0,-,No price,---,0,- мест,-----
124 800,Хендай, 2.0,2019,бензин,2 220 000,150,0,- мест,-----
,---,,0,-,No price,---,0,- мест,-----
145 800,Шевроле, 1.8,2013,бензин,1 050 000,141,0,- мест,-----
191 700,Мерседес, 1.8,2009,бензин,1 220 000,184,0,- мест,-----
,---,,0,-,No price,---,0,- мест,-----
181 000,Хендай, 1.6,30,бензин,800 000,126,6.9,5,АКПП
123,Эксид, 2.0,2023,бензин,3 750 000,249,7.6,5,Робот
209 213,Peugeot, 1.6,307,бензин,370 000,109,0,- мест,-----
,---,,0,-,No price,---,0,- мест,-----
70 494,Фольксваген, 1.6,2017,бензин,1 240 000,110,0,- мест,-----
60 448,Киа, 1.6,2019,бензин,1 750 000,128,0,- мест,-----
,---,,0,-,No price,---,0,- мест,-----
300 000,Тойота, 1.6,1996,бензин,240 000,115,0,5,АКПП
,---,,0,-,No price,---,0,- мест,-----
54 000,Шкода, 1.4,2005,бензин,185 000,75,6.7,5,МКПП
30,Лексус, 2.4,350,бензин,13 490 000,275,0,7,АКПП
119 000,Ленд, 3.0,2021,дизель,7 990 000,249,0,- мест,-----
96 272,Фольксваген, 2.0,2019,бензин,2 700 000,180,0,- мест,-----
74 400,Киа, 2.5,2021,бензин,3 500 000,179,0,- мест,-----
150 267,Шкода, 1.6,2013,бензин,750 000,105,0,- мест,-----
,---,,0,-,No price,---,0,- мест,-----
43 900,LADA, 1.8,2021,бензин,1 470 000,122,7.8,5,МКПП
153 968,Рено, 2.0,2018,бензин,1 530 000,143,0,- мест,-----
220 000,Шевроле, 1.6,2011,бензин,660 000,124,0,- мест,-----
361 000,Фольксваген, 1.6,1999,бензин,340 000,100,8.3,5,МКПП
127 000,СсангЙонг, 2.0,2013,бензин,1 230 000,149,0,- мест,-----
132 000,Форд, 1.6,2014,бензин,920 000,105,0,- мест,-----
69 000,Мицубиси, 2.0,2018,бензин,2 240 000,146,0,- мест,-----
215 000,Ниссан, 2.0,2011,бензин,1 150 000,141,0,- мест,-----
149 651,Тойота, 2.2,4,дизель,2 678 000,150,0,- мест,-----
135 000,Лада, 1.6,2112,бензин,350 000,89,7.5,5,МКПП
128 687,LADA, 1.6,2021,бензин,1 320 000,90,0,- мест,-----
90 000,Рено, 1.6,2018,бензин,1 230 000,114,0,- мест,-----
49 000,Ситроен, 2.0,2020,дизель,4 119 000,150,0,- мест,-----
202 000,Ниссан, 3.5,2009,бензин,1 149 000,249,0,- мест,-----
,---,,0,-,No price,---,0,- мест,-----
,---,,0,-,No price,---,0,- мест,-----
192 380,Опель, 1.6,2007,бензин,335 000,105,6.7,5,МКПП
80 000,ГАЗ, 2.4,24,бензин,380 000,100,0,5,МКПП
,---,,0,-,No price,---,0,- мест,-----
225 000,Вольво, 2.4,70,дизель,2 249 000,181,0,- мест,-----
101 000,Шкода, 1.6,2018,бензин,1 645 000,110,0,- мест,-----
226 000,Лада, 1.6,2110,бензин,185 000,89,0,- мест,-----
238 000,Мерседес, 3.5,2005,бензин,890 000,272,10.2,5,АКПП
270 000,БМВ, 2.5,3,бензин,1 200 000,218,9.0,4 ,АКПП
204 591,Киа, 2.0,2014,бензин,1 370 000,150,0,- мест,-----
286 500,Киа, 1.6,2006,бензин,260 000,101,0,- мест,-----
,---,,0,-,No price,---,0,- мест,-----
,---,,0,-,No price,---,0,- мест,-----
,---,,0,-,No price,---,0,- мест,-----
135 400,Киа, 1.2,2011,бензин,820 000,85,5.3,5,АКПП
177 000,Ауди, 3.0,6,бензин,2 590 000,333,0,- мест,-----
,---,,0,-,No price,---,0,- мест,-----
196 000,Тойота, 2.2,4,дизель,2 199 998,150,6.7,5,АКПП
,---,,0,-,No price,---,0,- мест,-----
177 000,Шкода, 1.2,2012,бензин,750 000,105,6.4,5,Робот
175 488,Мерседес, 2.1,2017,дизель,2 945 000,204,0,- мест,-----
,---,,0,-,No price,---,0,- мест,-----
249 000,Тойота, 4.0,2006,бензин,1 750 000,249,12.7,5,АКПП
,---,,0,-,No price,---,0,- мест,-----
236 000,Шевроле, 1.7,2004,бензин,215 000,80,0,- мест,-----
358 000,УАЗ, 2.7,2010,бензин,205 000,128,0,5,МКПП
,---,,0,-,No price,---,0,- мест,-----
230 500,Тойота, 3.0,2012,дизель,2 199 000,170,0,- мест,-----
207 270,Киа, 1.6,2014,бензин,920 000,129,0,- мест,-----
327 000,Фольксваген, 1.6,2015,бензин,700 000,105,6.4,5,МКПП
,---,,0,-,No price,---,0,- мест,-----
,---,,0,-,No price,---,0,- мест,-----
1 620,Мерседес, 1.6,200,дизель,7 300 000,160,4.4,5,АКПП
300 000,Мицубиси, 1.6,2005,бензин,270 000,98,6.7,5,МКПП
100 000,Киа, 2.5,2021,бензин,4 200 000,180,8.9,7,АКПП
200 000,Шкода, 1.4,2013,бензин,1 140 000,140,5.3,5,Робот
260 000,Тойота, 4.0,2006,бензин,2 750 000,239,0,5,АКПП
230 000,LADA, 1.6,2013,бензин,270 000,87,0,- мест,-----
54 700,Чери, 1.6,8,бензин,1 979 000,186,7.0,7,Робот
99 416,Тойота, 2.7,2014,бензин,3 479 000,163,12.5,5,АКПП
102 000,Киа, 2.0,2019,бензин,2 199 000,150,0,- мест,-----
155 000,Хендай, 2.2,2018,дизель,3 140 000,190,0,- мест,-----
153 236,Шкода, 1.4,2019,бензин,2 330 000,150,0,- мест,-----
97 326,Хендай, 2.0,2021,бензин,1 980 000,150,0,- мест,-----
,---,,0,-,No price,---,0,- мест,-----
187 600,Киа, 1.6,2016,бензин,1 050 000,123,0,- мест,-----
,---,,0,-,No price,---,0,- мест,-----
20 000,Эксид, 2.0,2023,бензин,2 917 000,197,8.7,5,Робот
,---,,0,-,No price,---,0,- мест,-----
184 737,Мерседес, 5.5,2013,бензин,5 750 000,544,13.8,5,АКПП
,---,,0,-,No price,---,0,- мест,-----
106 000,Тойота, 2.5,2021,бензин,3 048 000,200,0,- мест,-----
249 000,Мазда, 2.0,3,бензин,780 000,150,0,- мест,-----
,---,,0,-,No price,---,0,- мест,-----
,---,,0,-,No price,---,0,- мест,-----
,Сузуки, 1.3,2007,бензин,530 000,93,0,- мест,-----
250 000,БМВ, 2.5,5,бензин,500 000,170,10.6,5,АКПП
,---,,0,-,No price,---,0,- мест,-----
142 000,Вольво, 2.0,60,дизель,3 249 000,190,5.4,5,АКПП
87 291,Шкода, 1.4,2016,бензин,1 735 700,150,0,- мест,-----
108 340,Хонда, 2.4,2012,бензин,1 755 900,200,0,- мест,-----
215 782,БМВ, 2.0,3,бензин,1 853 800,184,0,- мест,-----
303 000,Peugeot, 1.6,307,бензин,349 000,109,0,- мест,-----
,---,,0,-,No price,---,0,- мест,-----
67 189,Мерседес, 2.0,2022,бензин,5 950 000,197,0,- мест,-----
98 300,Фольксваген, 1.4,2018,бензин,1 300 000,125,0,- мест,-----
,---,,0,-,No price,---,0,- мест,-----
594 000,БМВ, 2.9,3,дизель,750 000,184,6.8,5,АКПП
278 000,Ниссан, 1.5,2005,бензин,449 990,98,0,- мест,-----
224 268,Форд, 2.0,2001,бензин,230 000,129,0,- мест,-----
,---,,0,-,No price,---,0,- мест,-----
134 239,Киа, 2.4,2018,бензин,2 100 000,188,0,- мест,-----
152 292,Вольво, 2.4,70,дизель,2 550 000,181,0,- мест,-----
73 705,Киа, 2.2,2020,дизель,3 400 000,200,0,- мест,-----
69 946,Мерседес, 2.0,2020,бензин,4 950 000,197,7.3,5,АКПП
149 000,БМВ, 2.0,3,бензин,2 690 000,184,0,- мест,-----
275 000,БМВ, 2.0,5,дизель,2 800 000,190,0,- мест,-----
125 289,Киа, 2.0,2016,бензин,1 595 000,150,0,- мест,-----
,---,,0,-,No price,---,0,- мест,-----
,Ауди, 4.0,8,бензин,20 490 000,600,0,- мест,-----
195 000,Шкода, 1.2,2012,бензин,840 000,105,0,- мест,-----
87 628,Peugeot, 1.6,3008,бензин,2 050 000,150,0,- мест,-----
136 030,Ситроен, 2.0,2021,дизель,3 490 000,150,6.2,8,АКПП
,---,,0,-,No price,---,0,- мест,-----
,---,,0,-,No price,---,0,- мест,-----
137 000,Лада, 1.6,2115,бензин,215 000,81,0,- мест,-----
75 046,Хавейл, 2.0,7,бензин,2 199 000,190,9.4,5,Робот
180 953,Фольксваген, 1.6,2013,бензин,639 000,105,0,- мест,-----
,---,,0,-,No price,---,0,- мест,-----
211 432,Мицубиси, 3.0,2010,бензин,1 589 000,178,0,- мест,-----
70,Ли, гибр,7,1.5 л,6 590 000,449,0,- мест,-----
112 409,Peugeot, 1.6,408,бензин,950 000,150,0,- мест,-----
,---,,0,-,No price,---,0,- мест,-----
,---,,0,-,No price,---,0,- мест,-----
89 330,Лексус, 2.7,270,бензин,2 890 000,188,0,- мест,-----
129 111,Ягуар, 3.0,2016,бензин,3 495 000,340,0,- мест,-----
,---,,0,-,No price,---,0,- мест,-----
35 874,Джили, 2.0,2021,бензин,2 899 000,238,0,- мест,-----
78 035,Лексус, 5.7,570,бензин,9 679 000,367,0,- мест,-----
69 108,БМВ, 2.0,5,дизель,4 799 000,190,0,- мест,-----
340 000,Форд, 1.6,2008,бензин,430 000,100,0,- мест,-----
258 104,Хендай, 1.5,2008,бензин,440 000,102,0,- мест,-----
,---,,0,-,No price,---,0,- мест,-----
27 663,Чери, 2.0,8,бензин,3 070 000,197,8.5,7,Робот
83 332,Хендай, 1.6,2017,бензин,1 250 000,123,0,- мест,-----
163 343,Хендай, 2.0,40,бензин,1 360 000,150,0,- мест,-----
77 299,Донг, 1.6,30,бензин,750 000,117,7.4,5,АКПП
240 000,Хендай, 2.0,2017,бензин,1 350 000,150,0,- мест,-----
,---,,0,-,No price,---,0,- мест,-----
11 005,Воях,,2023,-,4 990 000,---,0,- мест,-----
145 039,Ниссан, 2.0,2011,бензин,1 530 000,141,0,- мест,-----
371 000,Хендай, 1.5,2005,бензин,450 000,102,0,- мест,-----
95 853,Чери, 1.6,8,бензин,2 000 000,186,0,- мест,-----
213 219,Мерседес, 3.5,2013,бензин,1 690 000,306,0,- мест,-----
92 160,Фольксваген, 1.6,2015,бензин,1 199 000,105,0,- мест,-----
208 781,Киа, 2.0,2011,бензин,1 200 000,150,0,- мест,-----
,---,,0,-,No price,---,0,- мест,-----
128 556,Фольксваген, 2.0,2018,дизель,5 200 000,204,0,- мест,-----
205 000,Субару, 2.0,010805,бензин,1 690 000,280,7.6,5,Вариатор
32,Ли, гибр,7,1.5 л,7 990 000,449,0,- мест,-----
,---,,0,-,No price,---,0,- мест,-----
6 345,БМВ, 2.0,3,дизель,7 700 000,190,0,- мест,-----
132 559,Мерседес, 2.0,2015,бензин,2 380 000,184,0,- мест,-----
13 978,Генезис, 2.0,70,бензин,3 270 000,197,0,- мест,-----
,---,,0,-,No price,---,0,- мест,-----
78 625,Инфинити, 2.0,50,бензин,2 220 000,211,0,- мест,-----
193 947,Бентли, 6.0,2013,бензин,4 000 000,625,0,- мест,-----
219 075,Тойота, 2.5,2018,бензин,2 266 000,181,0,- мест,-----
125 518,Тойота, 4.7,2007,бензин,2 799 000,288,0,- мест,-----
,---,,0,-,No price,---,0,- мест,-----
22 000,LADA, 1.6,2023,бензин,920 000,90,0,- мест,-----
58 395,Хавейл, 1.5,7,бензин,1 999 000,150,0,- мест,-----
,---,,0,-,No price,---,0,- мест,-----
107 835,Хендай, 2.0,2019,бензин,1 850 000,149,0,- мест,-----
73 479,Ситроен, 2.0,2020,дизель,2 409 000,150,0,- мест,-----
169 955,LADA, 1.6,2018,бензин,698 000,87,0,- мест,-----
,---,,0,-,No price,---,0,- мест,-----
217 321,Ниссан, 2.0,2013,бензин,1 234 000,141,0,- мест,-----
118 236,Киа, 1.4,2019,бензин,1 759 000,140,0,- мест,-----
142 574,БМВ, 2.0,3,дизель,2 020 000,184,0,- мест,-----
62 000,Киа, 1.6,2019,бензин,1 899 000,128,0,- мест,-----
60 820,Рено, 1.3,2021,бензин,1 959 000,150,0,- мест,-----
,---,,0,-,No price,---,0,- мест,-----
192 068,Мазда, 2.0,6,бензин,1 229 000,147,0,- мест,-----
111 687,Киа, 1.6,2017,бензин,1 247 000,123,0,- мест,-----
93 000,Хонда, 1.5,2018,бензин,1 655 000,131,5.3,5,Вариатор
125 000,Шкода, 1.4,2012,бензин,520 000,80,0,- мест,-----
193 438,Мерседес, 1.6,2015,бензин,1 930 000,156,0,- мест,-----
61 151,Хавейл, 2.0,7,бензин,1 862 000,190,0,- мест,-----
180 000,Мазда, 2.3,7,бензин,949 000,238,0,- мест,-----
,---,,0,-,No price,---,0,- мест,-----
24 590,Джетур, 1.6,70,бензин,2 400 000,190,0,- мест,-----
145 000,Форд, 1.4,2005,бензин,230 000,80,0,- мест,-----
124 400,Рено, 1.5,2016,дизель,1 049 000,109,0,- мест,-----
155 000,Опель, 1.2,2011,бензин,560 000,85,0,- мест,-----
80 014,Киа, 2.0,2019,бензин,1 920 000,150,0,- мест,-----
,---,,0,-,No price,---,0,- мест,-----
22 926,БМВ,---,2022,электро,7 300 000,326,0,5,Редуктор
270 000,Хонда, 1.8,2008,бензин,762 000,140,0,- мест,-----
81 716,Фольксваген, 3.6,2014,бензин,2 995 000,249,0,- мест,-----
104 996,Киа, 2.5,5,бензин,2 799 000,194,0,- мест,-----
220 000,Опель, 1.8,2009,бензин,635 000,140,0,- мест,-----
,---,,0,-,No price,---,0,- мест,-----
41 779,Шкода, 1.4,2021,бензин,2 319 000,150,0,- мест,-----
,---,,0,-,No price,---,0,- мест,-----
24 796,Киа, 1.6,2022,бензин,2 025 000,123,0,- мест,-----
221 000,LADA, 1.6,2010,бензин,350 000,98,7.2,5,МКПП
14 468,Ауди, 2.0,6,бензин,7 400 000,245,0,- мест,-----
330 000,БМВ, 2.0,2,бензин,400 000,150,9.4,5,МКПП
68 500,Киа, 1.6,2016,бензин,1 150 000,123,6.4,5,АКПП
,---,,0,-,No price,---,0,- мест,-----
262 000,Лада, 1.5,2112,бензин,119 999,91,7.2,5,МКПП
265 000,Шевроле, 2.2,2014,дизель,1 167 000,184,0,- мест,-----
,---,,0,-,No price,---,0,- мест,-----
,---,,0,-,No price,---,0,- мест,-----
201 400,Мицубиси, 2.0,2013,бензин,1 314 000,146,0,- мест,-----
,---,,0,-,No price,---,0,- мест,-----
135 065,Хендай, 1.6,2020,бензин,1 606 000,123,0,- мест,-----
259 000,Шкода, 1.8,2012,бензин,944 000,152,0,- мест,-----
56 000,Тойота, 1.8,2021,бензин,2 750 000,95,4.4,4 ,Вариатор
,---,,0,-,No price,---,0,- мест,-----
95 000,Тойота, 1.8,2019,бензин,2 498 000,99,4.4,7,Вариатор
72 352,Мерседес, 2.9,2020,дизель,8 550 000,330,0,- мест,-----
96 004,Шкода, 1.4,2018,бензин,2 547 000,150,0,- мест,-----
173 000,Шкода, 1.4,2009,бензин,495 000,86,0,- мест,-----
164 933,Мерседес, 3.0,2014,бензин,2 999 000,333,0,- мест,-----
298 054,LADA, 1.6,2018,бензин,499 000,87,0,- мест,-----
173 400,Ниссан, 1.5,2008,бензин,515 000,109,0,5,Вариатор
,---,,0,-,No price,---,0,- мест,-----
,---,,0,-,No price,---,0,- мест,-----
224 000,Фольксваген, 1.6,2016,бензин,800 000,110,5.9,5,АКПП
233 412,Шкода, 1.6,2008,бензин,520 000,102,7.4,5,МКПП
150 000,Додж, 6.7,2010,дизель,3 999 000,355,0,- мест,-----
239 784,Рено, 2.0,2018,бензин,939 777,143,0,- мест,-----
205 742,Тойота, 2.4,2007,бензин,1 150 000,167,0,- мест,-----
112 284,Форд, 1.5,2018,бензин,1 670 000,150,0,- мест,-----
92 000,Тойота, 1.8,2017,бензин,2 400 000,98,3.3,5,Вариатор
416 000,Ниссан, 1.5,2002,бензин,320 000,105,0,5,АКПП
185 982,Шкода, 1.8,2014,бензин,1 220 800,180,0,- мест,-----
,---,,0,-,No price,---,0,- мест,-----
106 000,Мерседес, 3.0,2015,дизель,3 320 000,249,0,- мест,-----
302 000,Фольксваген, 1.6,1989,бензин,199 000,72,0,- мест,-----
234 900,Шевроле, 1.5,14,бензин,160 000,86,6.7,5,МКПП
,---,,0,-,No price,---,0,- мест,-----
142 056,Рено, 2.0,2014,бензин,1 050 000,135,0,- мест,-----
177 000,Ниссан, 1.6,2008,бензин,350 000,107,0,- мест,-----
48 036,Киа, 3.0,2022,дизель,5 690 000,249,0,- мест,-----
,---,,0,-,No price,---,0,- мест,-----
,---,,0,-,No price,---,0,- мест,-----
290 795,Форд, 1.6,2012,бензин,605 000,125,0,- мест,-----
146 898,LADA, 1.6,2005,бензин,215 000,81,0,- мест,-----
106 286,Мерседес, 3.5,2011,бензин,1 669 000,272,0,- мест,-----
,---,,0,-,No price,---,0,- мест,-----
219 249,Фольксваген, 1.4,2014,бензин,999 000,122,0,- мест,-----
,---,,0,-,No price,---,0,- мест,-----
97 855,Ниссан, 2.5,2018,бензин,2 250 000,171,0,- мест,-----
144 000,Киа, 1.6,2020,бензин,1 899 000,123,0,- мест,-----
51 000,Киа, 1.6,3,бензин,1 775 000,123,0,- мест,-----
93 843,Рено, 2.5,2013,бензин,1 542 444,171,0,- мест,-----
378 757,УАЗ, 2.3,2008,дизель,350 000,116,0,5,МКПП
370 916,Хендай, 1.6,2019,бензин,799 000,123,0,- мест,-----
118 000,Тойота, 2.5,2018,бензин,2 420 000,181,0,- мест,-----
247,Лада, 1.5,2112,бензин,80 000,91,7.2,5,МКПП
153 567,Мерседес, 3.0,2017,бензин,3 150 000,367,0,- мест,-----
160 000,Мазда, 2.3,7,бензин,885 000,238,0,- мест,-----
171 823,Фольксваген, 3.0,2018,дизель,3 149 000,224,0,- мест,-----
,---,,0,-,No price,---,0,- мест,-----
195 300,Хендай, 1.6,2016,бензин,815 000,123,0,- мест,-----
114 819,Киа, 1.6,2019,бензин,1 280 000,123,0,- мест,-----
185 075,Мазда, 1.6,1999,бензин,200 000,106,0,- мест,-----
138 000,БМВ, 2.0,5,дизель,3 549 000,190,0,- мест,-----
59 996,Фольксваген, 1.6,2021,бензин,1 780 000,110,0,- мест,-----
36 000,Мазда, 2.5,5,бензин,3 300 000,194,7.2,5,АКПП
85 089,БМВ, 3.0,5,дизель,4 899 000,249,0,- мест,-----
189 425,Мерседес, 5.5,2013,бензин,4 750 000,544,13.8,5,АКПП
219 000,Форд, 2.0,2007,бензин,598 000,145,0,- мест,-----
,---,,0,-,No price,---,0,- мест,-----
150 912,БМВ, 2.0,1,бензин,1 365 000,150,0,- мест,-----
,---,,0,-,No price,---,0,- мест,-----
143 615,Форд, 1.5,2018,бензин,1 618 000,150,0,- мест,-----
207 541,Рено, 1.6,2007,бензин,415 000,87,0,- мест,-----
132 738,Тойота, 3.5,2019,бензин,2 920 500,249,0,- мест,-----
90 000,Тойота, 1.8,2015,бензин,1 550 000,99,0,5,Вариатор
250 000,БМВ, 1.9,3,бензин,600 000,118,7.9,0,МКПП
200 000,БМВ, 2.0,3,дизель,1 650 000,184,5.6,5,АКПП
45 193,Мерседес, 2.0,2022,дизель,5 710 000,194,5.4,5,АКПП
,---,,0,-,No price,---,0,- мест,-----
299 000,Ленд, 3.0,2010,дизель,1 475 000,245,0,- мест,-----
,---,,0,-,No price,---,0,- мест,-----
205 574,Форд, 1.4,2008,бензин,404 000,80,0,- мест,-----
64 653,Volvo, 2.0,90,дизель,5 190 000,197,0,- мест,-----
182 000,Мицубиси, 2.4,2012,бензин,1 249 000,167,0,- мест,-----
194 378,Шкода, 1.6,2012,бензин,795 000,105,7.9,5,АКПП
,---,,0,-,No price,---,0,- мест,-----
165 000,Хонда, 2.0,2013,бензин,1 820 000,143,3.3,5,Вариатор
103 112,Тойота, 2.5,2019,бензин,2 640 000,181,0,- мест,-----
330 000,Тойота, 2.2,1997,дизель,450 000,91,0,- мест,-----
133 000,Форд, 2.0,2016,дизель,1 847 000,180,0,- мест,-----
,---,,0,-,No price,---,0,- мест,-----
150 000,Мерседес, 1.6,2013,бензин,1 229 000,156,5.7,5,Робот
285 000,Volvo, 2.4,60,бензин,699 000,170,0,- мест,-----
120 861,СсангЙонг, 2.0,2014,бензин,1 210 000,149,0,- мест,-----
343 840,Тойота, 3.0,2014,дизель,2 871 000,173,0,- мест,-----
149 992,Джили, 2.4,2019,бензин,1 549 000,149,0,- мест,-----
,---,,0,-,No price,---,0,- мест,-----
197 581,Шевроле, 1.6,1,бензин,550 000,115,0,- мест,-----
103 000,Peugeot, 1.6,308,бензин,649 000,120,6.9,5,АКПП
128 510,Инфинити, 2.5,50,бензин,1 964 000,222,0,- мест,-----
,---,,0,-,No price,---,0,- мест,-----
,---,,0,-,No price,---,0,- мест,-----
,---,,0,-,No price,---,0,- мест,-----
168 422,Мерседес, 1.3,2019,бензин,1 710 000,136,5.6,5,Робот
,---,,0,-,No price,---,0,- мест,-----
116 467,Мицубиси, 2.0,2018,бензин,2 091 000,146,0,- мест,-----
187 055,Ниссан, 1.6,2,бензин,984 000,114,0,- мест,-----
,---,,0,-,No price,---,0,- мест,-----
231 758,Субару, 2.0,2006,бензин,660 000,158,0,- мест,-----
102 011,Мазда, 2.0,5,бензин,2 370 000,150,7.0,5,АКПП
266 723,Рено, 2.0,2010,бензин,595 000,138,0,- мест,-----
180 000,Киа, 1.6,2008,бензин,365 000,101,0,5,АКПП
285 000,LADA, 1.6,2013,бензин,280 000,82,7.4,5,МКПП
245 000,Хендай, 1.6,2012,бензин,850 000,123,6.5,5,АКПП
120 000,Киа, 2.4,2016,бензин,2 100 000,188,8.3,5,АКПП
112 000,Хавейл, 2.0,7,бензин,1 679 000,190,8.8,5,Робот
174 000,Мини, 1.5,2014,бензин,1 900 000,136,5.0,5,АКПП
71 200,Лифан, 1.5,50,бензин,650 000,103,0,- мест,-----
38 869,Омода, 1.5,5,бензин,1 899 000,147,0,- мест,-----
430 000,БМВ, 1.6,3,бензин,380 000,99,0,4 ,МКПП
260 360,БМВ, 3.0,5,дизель,2 190 000,245,0,- мест,-----
300 000,Форд, 1.6,2004,бензин,160 000,100,0,- мест,-----
166 000,Рено, 1.6,2013,бензин,895 000,106,6.7,5,МКПП
,---,,0,-,No price,---,0,- мест,-----
2 000,Хавейл, 2.0,7,бензин,3 099 999,190,8.4,5,Робот
14 000,Чери, 1.5,4,бензин,1 759 000,147,7.1,5,Вариатор
121 405,Ленд, 2.0,2017,бензин,3 635 000,250,0,- мест,-----
193 836,LADA, 1.8,2019,бензин,930 000,122,0,- мест,-----
164 261,Шкода, 1.8,2013,бензин,1 150 000,152,7.7,5,АКПП
15,Мерседес, 3.0,2024,дизель,19 500 000,367,0,- мест,-----
114 115,Рено, 2.0,2017,бензин,1 425 000,143,0,- мест,-----
,---,,0,-,No price,---,0,- мест,-----
52 000,Москвич, 1.5,2140,бензин,200 000,75,0,5,МКПП
,---,,0,-,No price,---,0,- мест,-----
109 308,Сеат, 1.2,2012,бензин,786 600,105,0,- мест,-----
204 884,Фольксваген, 1.4,2017,бензин,1 665 000,150,0,- мест,-----
228 000,Шевроле, 1.8,600,бензин,545 000,141,6.8,5,МКПП
60 000,Хавейл, 2.0,9,бензин,3 125 000,218,0,- мест,-----
109 004,Чери, 2.0,5,бензин,1 095 000,136,0,- мест,-----
270 000,Ауди, 2.0,5,бензин,1 399 000,211,0,- мест,-----
109,Zeekr,---,001,электро,6 087 000,---,0,- мест,-----
299 000,Тойота, 1.8,2003,бензин,500 000,132,0,- мест,-----
267 568,Форд, 1.8,2001,бензин,170 000,115,7.5,5,МКПП
170 000,Peugeot, 1.6,408,бензин,519 000,120,0,- мест,-----
44 500,Шкода, 1.6,2021,бензин,1 970 000,110,6.1,5,АКПП
52 000,Шкода, 2.0,2021,бензин,3 630 000,180,0,- мест,-----
,---,,0,-,No price,---,0,- мест,-----
,---,,0,-,No price,---,0,- мест,-----
,---,,0,-,No price,---,0,- мест,-----
326 000,Лексус, 3.5,450,бензин,1 380 000,296,7.6,5,Вариатор
190 800,Шевроле, 1.6,2012,бензин,900 000,109,0,- мест,-----
230 969,Тойота, 4.0,2018,бензин,4 099 000,249,0,- мест,-----
68 000,LADA, 1.8,2016,бензин,790 000,122,0,- мест,-----
40 000,Джили, 2.4,2021,бензин,1 975 000,148,9.4,5,АКПП
121 000,Ситроен, 2.0,2019,дизель,1 620 000,150,0,- мест,-----
130 144,Хендай, 1.6,2019,бензин,1 429 444,123,0,- мест,-----
134 000,Фольксваген, 1.6,2011,бензин,900 000,102,6.7,5,Робот
143 719,Хонда, 2.4,2014,бензин,1 734 000,194,8.4,5,АКПП
121 000,Киа, 1.6,2020,бензин,1 419 000,123,6.8,5,АКПП
215 000,Фольксваген, 1.6,2012,бензин,649 000,105,0,- мест,-----
139 245,Хендай, 1.6,2017,бензин,1 259 000,123,0,- мест,-----
170 000,Киа, 3.8,2017,бензин,2 005 000,334,0,- мест,-----
67 194,Киа, 2.0,2020,бензин,2 195 000,150,0,- мест,-----
47 000,Чери, 1.5,4,бензин,1 549 000,147,7.2,5,Робот
,---,,0,-,No price,---,0,- мест,-----
192 000,Киа, 2.5,2008,дизель,698 000,170,0,- мест,-----
58 000,Хендай, 2.2,2022,дизель,5 500 000,200,7.3,7,АКПП
,---,,0,-,No price,---,0,- мест,-----
98 000,Киа, 2.0,2019,бензин,1 788 000,150,0,- мест,-----
,---,,0,-,No price,---,0,- мест,-----
86 000,Ниссан, 2.0,2016,бензин,2 000 000,147,0,- мест,-----
122 286,Киа, 2.5,5,бензин,2 299 000,194,0,- мест,-----
320 000,Мерседес, 3.0,2014,бензин,3 090 000,333,0,- мест,-----
23 000,Рено, 1.6,2013,бензин,1 350 000,102,0,- мест,-----
375 000,Тойота, 2.2,2000,бензин,590 000,140,0,- мест,-----
303 055,Мазда, 2.0,5,бензин,1 273 000,150,6.2,5,МКПП
238 000,Тойота, 2.4,2010,бензин,1 500 000,170,0,7,Вариатор
86 000,Тойота, 2.5,2018,бензин,2 777 000,181,0,- мест,-----
,---,,0,-,No price,---,0,- мест,-----
80 000,Хонда, 1.5,2018,бензин,1 925 000,182,5.6,5,Вариатор
,---,,0,-,No price,---,0,- мест,-----
100 000,Мерседес, 3.5,2013,бензин,1 800 000,249,10.4,5,АКПП
102 519,Шкода,---,2018,1.6 л,1 120 000,---,0,- мест,-----
111 437,Ниссан, 2.0,2021,бензин,1 750 000,149,0,- мест,-----
147 000,Тойота, 2.4,2014,бензин,3 150 000,150,5.9,7,Вариатор
171 305,Мерседес, 4.0,2017,бензин,4 780 000,469,0,- мест,-----
,---,,0,-,No price,---,0,- мест,-----
220 000,Фольксваген, 1.8,1,бензин,200 000,75,7.6,5,МКПП
27 630,Сузуки, 1.5,2022,бензин,1 950 000,105,0,- мест,-----
17 754,Джили, 1.5,2023,бензин,2 150 000,150,6.1,5,Робот
137 000,LADA, 1.6,2021,бензин,950 000,87,0,- мест,-----
,---,,0,-,No price,---,0,- мест,-----
403 398,Ауди, 1.8,4,бензин,500 000,160,0,- мест,-----
,---,,0,-,No price,---,0,- мест,-----
195 000,Опель, 1.6,2012,бензин,650 000,115,0,- мест,-----
104 000,Фольксваген, 1.6,2020,бензин,1 800 000,110,0,- мест,-----
139 300,Киа, 1.6,2014,бензин,1 200 000,129,6.8,5,АКПП
250 000,Лада, 1.5,2111,бензин,120 000,91,0,- мест,-----
260 000,Тойота, 1.5,2008,бензин,865 000,76,5.1,5,Вариатор
,---,,0,-,No price,---,0,- мест,-----
24 500,Рено, 1.5,2017,дизель,1 680 000,109,5.3,5,МКПП
,---,,0,-,No price,---,0,- мест,-----
354 000,Мерседес, 2.3,1992,бензин,75 000,132,0,- мест,-----
268 000,Тойота, 1.8,2000,бензин,850 000,192,0,- мест,-----
100 000,Джип, 4.2,1980,бензин,299 999,112,13.8,6,МКПП
,---,,0,-,No price,---,0,- мест,-----
,---,,0,-,No price,---,0,- мест,-----
160 000,Опель, 1.5,2020,дизель,1 599 000,122,0,- мест,-----
,---,,0,-,No price,---,0,- мест,-----
65 502,Киа, 1.6,2021,бензин,2 150 000,128,0,- мест,-----
157 278,Киа, 2.0,2018,бензин,1 900 000,150,0,- мест,-----
18 132,Воях,,2022,-,4 550 000,---,0,- мест,-----
,---,,0,-,No price,---,0,- мест,-----
278 000,Джип, 3.0,2007,дизель,1 185 000,218,0,- мест,-----
73 666,Хендай, 1.6,2019,бензин,1 650 000,123,6.6,5,АКПП
,---,,0,-,No price,---,0,- мест,-----
123 099,Peugeot, 1.6,408,бензин,825 000,120,7.4,5,АКПП
,---,,0,-,No price,---,0,- мест,-----
198 179,Хендай, 1.6,2017,бензин,1 465 000,128,0,- мест,-----
140 000,Хендай, 1.7,40,дизель,1 370 000,136,6.0,5,АКПП
,---,,0,-,No price,---,0,- мест,-----
,---,,0,-,No price,---,0,- мест,-----
38 000,Хендай, 1.6,2018,бензин,1 790 000,123,0,- мест,-----
,---,,0,-,No price,---,0,- мест,-----
,---,,0,-,No price,---,0,- мест,-----
292 603,Фольксваген, 2.5,2008,дизель,1 691 000,131,0,- мест,-----
204 000,Мерседес, 2.1,2014,дизель,1 799 000,170,6.5,5,АКПП
,---,,0,-,No price,---,0,- мест,-----
194 000,Хендай, 1.6,2015,бензин,1 050 000,123,6.5,5,АКПП
13 845,Фольксваген, 2.0,2022,бензин,3 149 000,186,0,- мест,-----
,---,,0,-,No price,---,0,- мест,-----
278 604,Вольво, 2.4,90,дизель,1 838 000,185,0,- мест,-----
66 343,Шкода, 1.6,2017,бензин,1 460 000,90,0,- мест,-----
180,Шевроле, 1.2,2023,бензин,1 849 000,132,0,- мест,-----
64 000,БМВ, 3.0,6,дизель,6 500 000,313,6.3,5,АКПП
154 000,Сузуки, 1.6,4,бензин,799 000,107,0,- мест,-----
101 661,Ниссан, 2.0,2021,бензин,2 199 000,144,0,- мест,-----
19 555,Хавейл, 2.0,2023,бензин,2 849 000,192,0,- мест,-----
33 946,Форд, 1.6,2017,бензин,1 129 000,105,5.9,5,Робот
86 853,Peugeot, 1.6,3008,бензин,2 034 140,150,0,- мест,-----
186 328,Мерседес, 3.5,2013,бензин,2 300 000,249,7.5,5,АКПП
10 000,Порше, 4.5,2006,бензин,2 000 000,450,15.7,5,АКПП
,---,,0,-,No price,---,0,- мест,-----
160 000,Тойота, 2.0,1992,бензин,450 000,225,0,- мест,-----
70 000,Фольксваген, 1.6,2020,бензин,1 469 000,110,0,- мест,-----
249 496,Ауди, 3.0,5,дизель,1 550 000,239,0,- мест,-----
144 542,Опель, 1.6,2010,бензин,750 000,115,0,- мест,-----
22 000,Джили, 1.5,2021,бензин,1 899 000,150,6.1,5,Робот
390 000,Форд, 2.0,2007,бензин,370 000,145,0,- мест,-----
82 000,Вольво, 2.0,90,бензин,5 099 000,249,0,- мест,-----
50 188,Хавейл, 2.0,2023,бензин,2 700 000,192,0,- мест,-----
78 562,Мазда, 2.5,5,бензин,2 500 000,192,0,- мест,-----
178 000,Форд, 1.8,2008,бензин,600 000,125,7.0,5,МКПП
100,Чанган, 2.0,2023,бензин,3 250 000,226,8.4,5,АКПП
145 373,Киа, 1.6,2009,бензин,620 000,122,0,- мест,-----
54 266,Рено, 1.5,2021,дизель,2 050 000,109,0,- мест,-----
253 732,БМВ, 2.5,3,бензин,1 170 000,218,9.0,4 ,АКПП
183 138,Фольксваген, 2.0,2013,дизель,1 370 000,140,0,- мест,-----
30 000,Ленд, 2.0,2020,дизель,5 150 000,180,0,- мест,-----
268 712,LADA, 1.6,2013,бензин,399 990,98,0,- мест,-----
10,ГАК, 2.0,8,бензин,5 400 000,231,0,- мест,-----
,---,,0,-,No price,---,0,- мест,-----
147 000,Опель, 1.6,2015,бензин,1 240 000,170,0,- мест,-----
,---,,0,-,No price,---,0,- мест,-----
35 600,Рено, 1.6,2019,бензин,1 310 000,102,8.6,5,АКПП
127 000,Фольксваген, 1.6,2014,бензин,1 050 000,105,0,- мест,-----
232 000,Ленд, 3.0,2013,дизель,3 690 000,249,8.6,5,АКПП
337 000,Мерседес, 2.8,1998,бензин,550 000,204,11.0,5,АКПП
143 000,Хендай, 2.0,35,бензин,1 330 000,150,8.8,5,АКПП
25 800,Киа, 1.0,2021,бензин,1 800 000,100,0,- мест,-----
45 569,Киа, 2.0,2022,бензин,2 590 000,150,8.0,5,АКПП
107 815,Шкода, 1.6,2015,бензин,1 390 000,110,0,- мест,-----
56 000,Хавейл, 1.5,2021,бензин,1 795 000,143,0,- мест,-----
97 000,LADA, 1.6,2016,бензин,670 000,106,0,- мест,-----
,---,,0,-,No price,---,0,- мест,-----
150,Ниссан,---,2024,гибрид,4 699 000,---,0,- мест,-----
128 000,Фольксваген, 2.0,2017,бензин,2 899 000,220,0,- мест,-----
,---,,0,-,No price,---,0,- мест,-----
,---,,0,-,No price,---,0,- мест,-----
57 000,Фольксваген, 1.6,1986,дизель,79 990,70,0,- мест,-----
243 000,Форд, 1.6,2008,бензин,419 000,100,6.7,5,МКПП
235 000,БМВ, 2.0,3,бензин,879 000,136,0,- мест,-----
150 000,Тойота, 4.7,2010,бензин,3 499 000,288,14.4,7,АКПП
80 000,Субару, 2.0,1995,бензин,290 000,220,0,5,МКПП
110 920,Мерседес, 1.6,2018,бензин,2 599 000,150,5.9,5,Робот
91 200,Шкода, 2.0,2021,бензин,3 299 000,190,0,- мест,-----
,---,,0,-,No price,---,0,- мест,-----
,---,,0,-,No price,---,0,- мест,-----
,---,,0,-,No price,---,0,- мест,-----
112 056,Хендай, 1.6,2020,бензин,1 300 000,123,0,- мест,-----
444 844,Тойота, 2.0,2001,бензин,800 000,160,0,- мест,-----
,---,,0,-,No price,---,0,- мест,-----
,---,,0,-,No price,---,0,- мест,-----
,---,,0,-,No price,---,0,- мест,-----
62 000,Опель, 1.8,2015,бензин,1 100 000,140,0,- мест,-----
,---,,0,-,No price,---,0,- мест,-----
210 890,Форд, 1.4,2005,бензин,379 000,80,0,- мест,-----
160 000,Киа, 2.0,2020,бензин,2 300 000,150,8.3,5,АКПП
237 000,Хендай, 1.6,2010,бензин,680 000,123,6.0,5,МКПП
133 246,Volvo, 2.0,60,бензин,3 550 000,250,0,- мест,-----
123 016,БМВ, 2.0,1,дизель,1 800 000,184,0,- мест,-----
,---,,0,-,No price,---,0,- мест,-----
5 000,Хавейл, 1.5,2023,бензин,2 269 000,150,8.2,5,Робот
108 300,Мазда, 2.0,6,бензин,1 289 000,147,0,- мест,-----
143 931,Ситроен, 2.4,2012,бензин,1 229 000,170,0,- мест,-----
,---,,0,-,No price,---,0,- мест,-----
168 006,Фольксваген, 1.4,2012,бензин,899 000,122,0,- мест,-----
90 458,Мерседес, 2.1,2018,дизель,4 379 000,136,0,- мест,-----
292 800,Киа, 3.3,2007,бензин,889 000,248,0,- мест,-----
253 000,Шевроле, 1.6,2007,бензин,425 000,90,0,- мест,-----
20 366,Омода, 1.5,5,бензин,2 070 000,147,0,- мест,-----
185 939,Мерседес, 1.7,2011,бензин,850 000,116,0,- мест,-----
199 955,Форд, 1.6,2011,бензин,700 000,125,0,- мест,-----
195 000,Шевроле, 1.2,2007,бензин,400 000,72,6.6,5,МКПП
,---,,0,-,No price,---,0,- мест,-----
118 000,LADA, 1.6,2016,бензин,589 000,106,0,- мест,-----
170 590,Шкода, 1.6,2018,бензин,970 000,90,0,- мест,-----
,---,,0,-,No price,---,0,- мест,-----
110 862,Ниссан, 1.6,2010,бензин,800 000,110,0,- мест,-----
58 000,Хендай, 1.6,2022,бензин,1 880 000,123,0,- мест,-----
110 000,Киа, 1.6,2021,бензин,1 900 000,128,0,- мест,-----
,---,,0,-,No price,---,0,- мест,-----
280 000,Хендай, 1.6,2014,бензин,1 090 000,123,6.5,5,АКПП
14 801,Чери, 1.3,1,бензин,275 000,83,8.0,5,МКПП
127 000,Форд, 1.6,2011,бензин,839 000,105,0,- мест,-----
166 000,Хендай, 1.6,2015,бензин,1 659 000,177,0,- мест,-----
214 000,Хендай, 2.0,2011,бензин,979 000,150,0,- мест,-----
195 500,Форд, 2.0,2010,дизель,1 200 000,140,7.2,5,АКПП
183 000,Форд, 2.0,2013,дизель,1 319 000,140,0,- мест,-----
137 000,Шевроле, 1.8,2012,бензин,899 000,141,0,- мест,-----
85 000,Киа, 2.2,2018,дизель,3 299 000,202,0,- мест,-----
,---,,0,-,No price,---,0,- мест,-----
115 000,Шкода, 1.6,2019,бензин,1 299 000,90,0,- мест,-----
,---,,0,-,No price,---,0,- мест,-----
60 000,Рено, 1.6,2019,бензин,1 165 000,102,0,- мест,-----
94 947,LADA, 1.6,2020,бензин,1 298 600,106,0,- мест,-----
162 284,Рено, 1.6,2020,бензин,1 396 800,114,0,- мест,-----
181 000,Мерседес, 1.8,2011,бензин,1 395 000,156,0,- мест,-----
83 100,Шкода, 1.6,2021,бензин,1 730 000,110,0,- мест,-----
77 533,Форд, 1.6,2011,бензин,950 000,125,0,- мест,-----
,---,,0,-,No price,---,0,- мест,-----
,---,,0,-,No price,---,0,- мест,-----
121 657,Шкода, 1.4,2021,бензин,2 350 000,150,0,- мест,-----
17 557,Джили, 1.5,2023,бензин,2 270 000,147,0,- мест,-----
318 000,Ситроен, 2.4,2011,бензин,825 000,170,9.3,5,Вариатор
194 020,Лексус, 2.7,270,бензин,2 850 000,188,9.8,5,АКПП
243 000,Форд, 1.4,2007,бензин,499 000,80,0,- мест,-----
,---,,0,-,No price,---,0,- мест,-----
150 385,Peugeot, 1.6,408,бензин,620 000,150,0,- мест,-----
89 000,Форд, 2.0,2014,дизель,1 370 000,140,0,- мест,-----
,---,,0,-,No price,---,0,- мест,-----
40 546,Хендай, 2.2,2021,дизель,4 100 000,200,0,- мест,-----
140 500,Киа, 2.5,5,бензин,2 680 000,194,0,- мест,-----
,---,,0,-,No price,---,0,- мест,-----
253 000,Сузуки, 1.6,4,бензин,450 000,107,6.7,5,МКПП
20 000,Джили, 1.5,2022,бензин,1 990 000,150,6.1,5,Робот
161 000,Опель, 1.6,2012,бензин,890 000,115,0,- мест,-----
5 515,Джили, 1.5,2024,бензин,2 560 000,177,6.8,5,Робот
269 000,Акура, 2.3,2006,бензин,990 000,240,0,- мест,-----
183 000,Рено, 1.6,2014,бензин,759 000,103,8.6,5,АКПП
110 000,Мерседес, 2.0,2015,бензин,1 649 000,184,0,- мест,-----
350 000,Тойота, 3.0,2000,дизель,700 000,130,0,- мест,-----
57 000,Лада, 1.6,2106,бензин,55 000,75,0,5,МКПП
,---,,0,-,No price,---,0,- мест,-----
110 580,Хендай, 2.0,2019,бензин,2 449 000,150,0,- мест,-----
150 000,Лада, 1.6,2107,бензин,110 000,74,8.5,5,МКПП
5 665,Вольво, 2.0,60,бензин,5 500 000,249,0,- мест,-----
12 000,Ниссан, 2.0,2021,бензин,2 650 000,144,7.0,5,Вариатор
,---,,0,-,No price,---,0,- мест,-----
210 000,Фольксваген, 1.6,2013,бензин,800 000,105,0,- мест,-----
91 649,Фольксваген, 2.0,2021,бензин,3 300 000,180,0,- мест,-----
,---,,0,-,No price,---,0,- мест,-----
91 452,Тойота, 1.0,2017,бензин,1 300 000,69,0,- мест,-----
63 780,Лада, 1.5,2105,бензин,95 000,71,8.8,5,МКПП
1,Тесла,---,2024,электро,49 999 999,845,0,6,Редуктор
361 000,Шевроле, 1.7,2015,бензин,290 000,80,0,- мест,-----
,---,,0,-,No price,---,0,- мест,-----
175 414,Шевроле, 1.7,2017,бензин,689 000,80,0,- мест,-----
,---,,0,-,No price,---,0,- мест,-----
240 000,Рено, 1.6,2018,бензин,1 250 000,114,0,- мест,-----
77 000,Фольксваген, 1.4,2021,бензин,2 799 000,150,0,- мест,-----
461 000,Фольксваген, 2.4,1991,дизель,380 000,78,0,5,МКПП
,---,,0,-,No price,---,0,- мест,-----
,---,,0,-,No price,---,0,- мест,-----
,---,,0,-,No price,---,0,- мест,-----
,---,,0,-,No price,---,0,- мест,-----
145 000,Киа, 2.0,2015,бензин,1 499 000,150,0,- мест,-----
42 000,Ауди, 4.0,8,дизель,12 990 000,422,8.3,5,АКПП
226 000,Тойота, 2.0,2018,бензин,2 250 000,150,7.1,5,АКПП
224 100,Мицубиси, 1.6,2001,бензин,200 000,98,0,5,МКПП
285 000,Тойота, 1.5,2000,бензин,245 000,100,0,5,АКПП
13 566,Хавейл, 1.5,7,бензин,2 250 000,150,0,- мест,-----
,---,,0,-,No price,---,0,- мест,-----
238 000,Грейт, 2.4,5,бензин,499 000,127,0,- мест,-----
113 600,LADA, 1.6,2008,бензин,300 000,98,7.2,5,МКПП
191 000,Тойота, 2.5,0,бензин,1 800 000,181,0,- мест,-----
255 000,Мазда, 2.0,5,бензин,1 549 000,150,0,- мест,-----
,---,,0,-,No price,---,0,- мест,-----
,---,,0,-,No price,---,0,- мест,-----
9 400,Чанган, 1.4,35,бензин,1 970 000,150,0,- мест,-----
,---,,0,-,No price,---,0,- мест,-----
,---,,0,-,No price,---,0,- мест,-----
,---,,0,-,No price,---,0,- мест,-----
26 624,Киа, 2.0,2019,бензин,2 860 000,150,0,- мест,-----
178 447,Шкода, 1.4,2012,бензин,790 000,86,6.4,5,МКПП
243 109,Ситроен, 2.0,5,дизель,1 050 000,138,0,- мест,-----
,---,,0,-,No price,---,0,- мест,-----
,---,,0,-,No price,---,0,- мест,-----
220 000,Рено, 2.5,2010,бензин,999 999,177,9.7,5,АКПП
57 216,Тойота, 2.0,4,бензин,2 875 000,146,0,- мест,-----
12 872,Шкода, 1.4,2020,бензин,2 895 000,150,0,- мест,-----
105 622,Тойота, 2.5,2018,бензин,2 395 000,181,0,- мест,-----
163 000,Ниссан, 2.0,2015,бензин,1 099 900,135,0,- мест,-----
,---,,0,-,No price,---,0,- мест,-----
212 000,Ауди, 3.0,6,бензин,1 459 900,300,8.2,5,Робот
338 651,Субару, 2.5,2008,бензин,950 000,173,0,- мест,-----
,Лада, 1.5,2107,бензин,95 000,71,0,- мест,-----
,---,,0,-,No price,---,0,- мест,-----
,---,,0,-,No price,---,0,- мест,-----
378 000,Шкода, 1.6,1997,бензин,200 000,75,0,- мест,-----
,---,,0,-,No price,---,0,- мест,-----
199 863,Шевроле, 1.6,2012,бензин,660 000,109,8.1,5,АКПП
,---,,0,-,No price,---,0,- мест,-----
,---,,0,-,No price,---,0,- мест,-----
300 000,БМВ, 2.0,5,бензин,450 000,150,0,- мест,-----
221 956,Форд, 1.6,2014,бензин,790 000,125,6.0,5,МКПП
220 000,Рено, 1.4,2006,бензин,230 000,75,0,- мест,-----
190 000,Peugeot, 1.4,207,бензин,420 000,88,5.2,5,Робот
78 800,LADA, 1.6,2013,бензин,520 000,87,7.0,5,МКПП
73 207,Эксид, 2.0,2022,бензин,2 690 000,249,8.5,7,Робот
,---,,0,-,No price,---,0,- мест,-----
14 261,Рено, 1.6,2021,бензин,2 070 000,117,0,- мест,-----
158 443,Хендай, 2.0,2018,бензин,1 739 000,150,0,- мест,-----
39 670,LADA, 1.7,2021,бензин,869 000,83,0,- мест,-----
135 653,Форд, 1.6,2016,бензин,1 150 000,122,0,- мест,-----
130 032,Ниссан, 1.6,2014,бензин,1 250 000,117,0,- мест,-----
96 065,Фольксваген, 1.6,2020,бензин,1 230 000,90,0,- мест,-----
248 000,Чери, 1.6,11,бензин,509 000,126,0,- мест,-----
150 000,Киа, 1.6,2016,бензин,1 050 000,123,0,- мест,-----
155 000,БМВ, 3.0,6,бензин,2 599 000,306,10.1,4 ,АКПП
59 000,Шкода, 1.4,2021,бензин,2 949 000,150,0,- мест,-----
57 600,Шкода, 1.4,2021,бензин,2 759 000,150,0,- мест,-----
47 229,Датсун, 1.6,2018,бензин,750 000,87,0,- мест,-----
,---,,0,-,No price,---,0,- мест,-----
196 557,Мазда, 2.0,6,бензин,1 785 000,150,0,- мест,-----
129 809,Фольксваген, 1.6,2013,бензин,1 120 000,105,0,- мест,-----
39 685,Ниссан, 2.5,2019,бензин,3 200 000,171,0,- мест,-----
270 000,Инфинити, 3.5,35,бензин,1 050 000,302,0,- мест,-----
321 000,Опель, 1.6,2008,бензин,439 000,115,0,- мест,-----
206 515,Шкода, 1.2,2011,бензин,1 049 000,105,0,- мест,-----
,---,,0,-,No price,---,0,- мест,-----
,---,,0,-,No price,---,0,- мест,-----
30 099,Киа, 1.3,2013,бензин,935 000,85,0,- мест,-----
133 921,Чери, 1.6,3,бензин,859 000,126,0,- мест,-----
,---,,0,-,No price,---,0,- мест,-----
,---,,0,-,No price,---,0,- мест,-----
81 764,Ауди, 2.0,3,бензин,2 790 000,180,0,- мест,-----
9 262,Ленд, 3.0,2022,дизель,15 450 000,300,0,- мест,-----
159 322,Форд, 1.6,2007,бензин,600 000,101,0,- мест,-----
15 968,Ли, гибр,7,1.5 л,6 350 000,449,0,- мест,-----
49 341,Ленд, 2.0,2019,дизель,5 490 000,180,0,- мест,-----
69 241,Мерседес, 3.0,2021,бензин,15 600 000,367,0,- мест,-----
106 538,Мазда, 2.5,5,бензин,2 279 000,192,0,- мест,-----
337 867,Вольво, 3.2,70,бензин,1 119 000,238,0,- мест,-----
137 218,LADA, 1.6,2019,бензин,999 000,113,0,- мест,-----
309 870,Шкода, 1.4,2002,бензин,210 000,60,0,5,МКПП
328 000,Хендай, 2.0,2011,дизель,729 000,112,9.2,5,АКПП
67 551,Киа, 2.5,5,бензин,2 925 000,194,0,- мест,-----
235 000,Хендай, 2.7,2001,бензин,490 000,173,10.7,5,АКПП
340 000,Форд, 2.0,2011,бензин,699 000,145,0,- мест,-----
390 000,Рено, 1.6,2012,бензин,400 000,106,6.8,5,МКПП
136 000,Мини, 1.6,2007,бензин,1 300 000,174,6.2,4 ,МКПП
1,Тойота, 2.5,2010,бензин,2 000 000,203,0,5,АКПП
213 764,Рено, 2.0,2011,бензин,740 000,138,0,- мест,-----
118 500,Хендай, 1.6,2015,бензин,1 330 000,132,6.9,5,АКПП
152 000,Ягуар, 3.0,2010,бензин,1 299 900,238,0,- мест,-----
80 000,Лада, 1.6,2107,бензин,90 000,72,8.5,5,МКПП
170 770,Фольксваген, 1.4,2017,бензин,1 919 777,150,0,- мест,-----
,---,,0,-,No price,---,0,- мест,-----
197 999,Фольксваген, 1.4,2002,бензин,399 990,75,0,- мест,-----
73 306,Мерседес, 2.0,2016,бензин,2 020 000,211,6.6,5,Робот
,---,,0,-,No price,---,0,- мест,-----
,---,,0,-,No price,---,0,- мест,-----
32,Ли, гибр,7,1.5 л,6 800 000,449,0,- мест,-----
318 000,Форд, 2.0,2012,дизель,839 000,140,0,- мест,-----
500 000,Мерседес, 2.2,1993,бензин,335 000,150,0,- мест,-----
45 000,Ниссан, 2.0,2020,бензин,2 790 000,144,7.3,5,Вариатор
23 642,Омода, 1.5,5,бензин,2 045 444,147,0,- мест,-----
164 471,Киа, 1.6,2015,бензин,1 240 000,130,0,- мест,-----
69 110,БМВ, 2.0,4,дизель,4 200 000,190,5.4,5,АКПП
186 696,Шкода, 1.4,2008,бензин,414 000,75,0,- мест,-----
186 000,Шкода, 1.4,2014,бензин,828 000,140,0,- мест,-----
200 000,Лада, 1.5,2108,бензин,155 000,76,0,- мест,-----
58 200,УАЗ, 2.7,2021,бензин,1 630 000,150,0,5,АКПП
48 000,Хавейл, 2.0,9,дизель,2 999 000,190,0,- мест,-----
293 000,Форд, 1.6,2,бензин,700 000,105,6.0,5,МКПП
196 360,БМВ, 3.0,6,дизель,3 839 000,313,0,- мест,-----
,---,,0,-,No price,---,0,- мест,-----
230 352,Хендай, 1.6,2016,бензин,849 000,123,0,- мест,-----
87 920,Тойота, 4.5,2016,дизель,7 500 000,249,0,- мест,-----
11 020,Чери, 1.5,7,бензин,1 849 000,147,8.2,5,Вариатор
,---,,0,-,No price,---,0,- мест,-----
68 000,Ниссан, 1.2,2016,бензин,1 150 000,79,4.3,5,Вариатор
,---,,0,-,No price,---,0,- мест,-----
120 071,ЗАЗ, 1.3,2007,бензин,85 000,70,7.2,5,МКПП
380 000,Тойота, 4.5,2011,дизель,2 599 000,235,10.2,7,АКПП
140 000,Лада, 1.5,2112,бензин,115 000,91,7.2,5,МКПП
132 028,Тойота, 2.2,4,дизель,2 777 000,150,0,- мест,-----
298 729,Ниссан, 3.5,2010,бензин,789 000,249,0,- мест,-----
63 144,Киа, 2.0,2021,бензин,2 675 000,150,8.3,5,АКПП
60 479,Хендай, 2.0,2019,бензин,2 650 000,149,0,- мест,-----
217 000,Тойота, 2.4,2008,бензин,1 050 000,167,9.9,5,АКПП
124 900,Мерседес, 1.6,2016,бензин,2 550 000,156,0,- мест,-----
219 000,СсангЙонг, 2.0,2011,дизель,709 000,149,0,- мест,-----
230 000,Мерседес, 2.1,2010,дизель,1 297 000,170,6.9,5,АКПП
122 000,Ниссан, 2.0,2010,бензин,1 350 000,141,8.0,5,Вариатор
,---,,0,-,No price,---,0,- мест,-----
16 795,Ягуар,---,2019,электро,4 350 000,400,0,- мест,-----
252 470,Лексус, 3.3,330,бензин,1 100 000,230,10.7,5,АКПП
180 443,Хендай, 2.0,2017,бензин,1 425 000,150,0,- мест,-----
321 730,Тойота, 3.0,2007,дизель,1 725 000,173,0,- мест,-----
164 000,Киа, 1.6,2012,бензин,600 000,123,6.0,5,МКПП
,---,,0,-,No price,---,0,- мест,-----
128 000,Киа, 1.6,2017,бензин,1 419 000,132,0,- мест,-----
120 000,БМВ, 2.0,3,бензин,1 875 000,184,5.9,5,АКПП
204 166,Фольксваген, 1.6,2015,бензин,699 000,85,0,- мест,-----
285 000,Фольксваген, 1.6,100,бензин,700 000,105,6.5,5,МКПП
,---,,0,-,No price,---,0,- мест,-----
173 554,Фольксваген, 1.4,2012,бензин,899 000,122,0,- мест,-----
75 954,БМВ, 2.0,2,бензин,2 190 000,184,0,- мест,-----
103 000,Хендай, 1.6,2017,бензин,1 560 000,123,0,- мест,-----
131 606,Ниссан, 1.6,2012,бензин,795 000,107,0,- мест,-----
140 110,Мицубиси, 1.8,2013,бензин,1 180 000,140,0,- мест,-----
161 286,Шкода, 1.6,2015,бензин,879 000,105,0,- мест,-----
40 145,Джили, 1.5,2021,бензин,2 200 000,177,0,- мест,-----
,---,,0,-,No price,---,0,- мест,-----
,---,,0,-,No price,---,0,- мест,-----
,---,,0,-,No price,---,0,- мест,-----
208 075,Мицубиси, 3.2,2012,дизель,2 470 000,200,0,- мест,-----
,---,,0,-,No price,---,0,- мест,-----
83 028,Чери, 1.6,3,бензин,720 000,126,0,- мест,-----
170 000,Сузуки, 1.6,2007,бензин,650 000,106,8.7,4 ,МКПП
316 314,Рено, 2.0,2014,бензин,799 000,135,8.7,5,АКПП
,---,,0,-,No price,---,0,- мест,-----
151 821,LADA, 1.6,2021,бензин,1 100 000,90,0,- мест,-----
209 000,Ниссан, 1.6,2010,бензин,749 000,110,0,- мест,-----
,---,,0,-,No price,---,0,- мест,-----
74 000,LADA, 1.8,2020,бензин,1 349 000,122,0,- мест,-----
149 000,Мазда, 2.0,5,бензин,1 898 000,150,0,- мест,-----
216 394,Хендай, 2.0,2017,бензин,1 419 000,150,0,- мест,-----
,---,,0,-,No price,---,0,- мест,-----
,---,,0,-,No price,---,0,- мест,-----
241 674,Мицубиси, 1.6,2012,бензин,695 000,117,0,- мест,-----
100 869,БМВ, 3.0,7,дизель,8 090 000,249,0,- мест,-----
61,Тойота, 2.0,2024,бензин,4 450 000,173,0,- мест,-----
,---,,0,-,No price,---,0,- мест,-----
,---,,0,-,No price,---,0,- мест,-----
81 000,Хавейл, 2.0,7,бензин,2 460 000,190,9.4,5,Робот
,---,,0,-,No price,---,0,- мест,-----
218 000,Мини, 1.5,2016,бензин,1 549 000,136,0,- мест,-----
174 000,Шевроле, 1.6,2010,бензин,415 000,109,0,- мест,-----
806 114,Хонда, 2.0,1999,бензин,365 000,147,0,- мест,-----
,---,,0,-,No price,---,0,- мест,-----
220 000,Мерседес, 2.0,2015,бензин,1 849 000,211,0,- мест,-----
224 532,Шевроле, 1.6,2010,бензин,450 000,109,0,- мест,-----
,---,,0,-,No price,---,0,- мест,-----
,---,,0,-,No price,---,0,- мест,-----
207 999,Хендай, 2.2,2015,дизель,1 799 000,197,0,- мест,-----
250 000,Мазда, 2.0,6,бензин,1 260 000,147,0,- мест,-----
,---,,0,-,No price,---,0,- мест,-----
294 700,Сеат, 1.4,1999,бензин,55 000,60,0,- мест,-----
,---,,0,-,No price,---,0,- мест,-----
,---,,0,-,No price,---,0,- мест,-----
10,Киа, 2.0,2024,бензин,3 970 777,150,8.3,5,АКПП
40 000,Джили, 1.5,2020,бензин,1 677 000,150,6.1,5,Робот
10,Киа, 2.5,2024,бензин,6 200 000,179,0,- мест,-----
,---,,0,-,No price,---,0,- мест,-----
105 000,Датсун, 1.6,2014,бензин,368 000,87,7.0,5,МКПП
,---,,0,-,No price,---,0,- мест,-----
158 000,БМВ, 2.0,3,дизель,2 550 000,190,5.6,5,АКПП
176 331,Ситроен, 1.6,4,бензин,509 990,120,0,- мест,-----
248 364,Тойота, 3.0,2010,дизель,2 447 000,173,0,- мест,-----
,---,,0,-,No price,---,0,- мест,-----
,---,,0,-,No price,---,0,- мест,-----
189 429,Ауди, 5.9,7,дизель,2 400 000,500,0,- мест,-----
,---,,0,-,No price,---,0,- мест,-----
110 793,LADA, 1.6,2021,бензин,1 325 000,106,0,- мест,-----
,---,,0,-,No price,---,0,- мест,-----
,---,,0,-,No price,---,0,- мест,-----
191 489,Форд,---,2015,бензин,1 315 000,---,0,- мест,-----
196 139,Опель, 1.4,2004,бензин,479 900,90,0,- мест,-----
117 586,БМВ, 2.0,3,дизель,3 406 000,190,0,- мест,-----
365 000,Фольксваген, 3.6,2007,бензин,1 100 000,280,12.4,5,АКПП
92 000,Фольксваген, 2.0,2019,бензин,2 350 000,180,8.0,5,Робот
172 766,Мазда, 2.0,6,бензин,1 450 000,150,0,- мест,-----
133 000,Ниссан, 1.6,2005,бензин,410 000,109,7.2,5,МКПП
,---,,0,-,No price,---,0,- мест,-----
,---,,0,-,No price,---,0,- мест,-----
200 000,Фольксваген, 1.9,1993,бензин,99 990,68,0,- мест,-----
,---,,0,-,No price,---,0,- мест,-----
74 786,Фольксваген, 1.4,2021,бензин,2 365 000,150,6.8,5,Робот
,---,,0,-,No price,---,0,- мест,-----
201 138,Шевроле, 1.5,2009,бензин,110 000,86,0,- мест,-----
18 000,Хавейл, 2.0,2024,бензин,2 949 000,192,9.2,5,Робот
,---,,0,-,No price,---,0,- мест,-----
137 615,Форд, 3.5,2017,бензин,2 749 000,249,0,- мест,-----
4 117,Чанган, 2.0,2023,бензин,3 199 000,226,8.4,5,АКПП
350 000,Рено, 1.6,2006,бензин,350 000,113,0,- мест,-----
106 000,Шевроле, 1.4,2010,бензин,500 000,101,6.4,5,АКПП
47 680,Хендай, 1.6,2021,бензин,2 270 000,123,0,- мест,-----
130 040,БМВ, 2.0,3,дизель,3 235 000,190,0,- мест,-----
212 000,Ниссан, 1.6,2007,бензин,680 000,110,7.4,5,АКПП
262 300,Рено, 1.6,2014,бензин,710 000,82,7.2,5,МКПП
,---,,0,-,No price,---,0,- мест,-----
,---,,0,-,No price,---,0,- мест,-----
221 000,Мерседес, 3.0,1991,бензин,2 100 000,170,0,- мест,-----
139 000,Вортекс, 1.8,2011,бензин,475 000,132,0,- мест,-----
225 000,БМВ, 3.0,5,дизель,2 200 000,286,8.2,5,АКПП
176 000,ВАЗ, 1.6,4,бензин,570 000,80,10.0,4 ,МКПП
120 000,Хендай, 1.6,2014,бензин,740 000,123,0,- мест,-----
140 000,Форд, 2.0,2013,бензин,919 000,150,0,- мест,-----
,---,,0,-,No price,---,0,- мест,-----
228 000,Мазда, 1.8,6,бензин,350 000,120,0,- мест,-----
224 500,Киа, 2.0,2011,бензин,753 000,150,7.8,5,МКПП
19 000,Мерседес, 4.0,2017,бензин,19 900 000,422,13.8,5,АКПП
152 000,Фольксваген, 1.6,2016,бензин,850 000,110,5.9,5,АКПП
11 007,Чанган, 1.5,2023,бензин,1 367 000,98,0,5,Робот
133 333,Мини, 1.6,2013,бензин,1 250 000,122,7.2,4 ,АКПП
,---,,0,-,No price,---,0,- мест,-----
167 000,Киа, 1.6,2019,бензин,1 449 000,123,0,- мест,-----
200 000,Ниссан, 1.5,2003,бензин,220 000,98,0,- мест,-----
49 747,Ленд, 4.4,2018,дизель,9 990 000,339,0,- мест,-----
,---,,0,-,No price,---,0,- мест,-----
119 056,Киа, 2.0,2017,бензин,1 529 000,150,0,- мест,-----
,---,,0,-,No price,---,0,- мест,-----
,---,,0,-,No price,---,0,- мест,-----
,---,,0,-,No price,---,0,- мест,-----
115 898,LADA, 1.6,2018,бензин,680 000,106,0,- мест,-----
120 000,Москвич, 1.7,2141,бензин,250 000,85,0,- мест,-----
193 098,Дэу, 0.8,2002,бензин,120 000,51,0,5,МКПП
87 000,Форд, 3.5,2016,бензин,2 949 000,249,0,- мест,-----
123 479,Хендай, 1.6,2019,бензин,1 595 000,123,0,- мест,-----
7 260,Шевроле, 5.3,2022,бензин,9 950 000,360,0,- мест,-----
188 025,Ниссан, 1.6,2011,бензин,939 000,190,0,- мест,-----
,---,,0,-,No price,---,0,- мест,-----
170 000,Фольксваген, 1.6,1989,бензин,115 000,72,9.5,5,МКПП
,---,,0,-,No price,---,0,- мест,-----
,---,,0,-,No price,---,0,- мест,-----
,---,,0,-,No price,---,0,- мест,-----
170 001,Ленд, 2.0,2012,бензин,1 755 000,240,0,- мест,-----
280 000,Тойота, 2.5,1994,бензин,1 360 000,180,0,- мест,-----
86 281,Киа, 2.5,5,бензин,2 490 000,194,0,- мест,-----
368 975,Опель, 1.6,2007,бензин,300 000,105,0,- мест,-----
301 545,Фольксваген, 3.6,2011,бензин,1 545 000,249,0,- мест,-----
,---,,0,-,No price,---,0,- мест,-----
93 600,Фольксваген, 1.6,2019,бензин,1 239 000,110,0,- мест,-----
100 936,Мицубиси, 2.0,2019,бензин,2 234 000,146,0,- мест,-----
595 000,Тойота, 1.8,2001,бензин,650 000,136,0,5,АКПП
193 420,Шевроле, 1.6,2013,бензин,699 990,115,0,- мест,-----
,---,,0,-,No price,---,0,- мест,-----
155 000,Шевроле, 1.4,2009,бензин,320 000,101,0,- мест,-----
135 000,Вольво, 2.0,90,бензин,3 100 000,320,7.7,7,АКПП
30,Zeekr,,001,-,7 750 000,---,0,- мест,-----
202 224,Ягуар, 2.0,2013,бензин,1 199 000,240,0,- мест,-----
250 000,Лада, 1.5,2111,бензин,155 000,78,7.5,5,МКПП
100 000,Лада, 1.6,2107,бензин,195 000,75,9.8,5,МКПП
,---,,0,-,No price,---,0,- мест,-----
186 270,Volvo, 2.0,40,бензин,1 235 000,180,0,- мест,-----
253 280,Тойота, 1.6,2008,бензин,680 000,124,7.2,5,АКПП
129 000,Ситроен, 1.6,4,бензин,495 000,120,6.9,5,АКПП
33 329,Тойота, 3.5,2021,бензин,4 690 000,249,8.7,5,АКПП
93 133,Ягуар, 2.0,2018,дизель,3 150 000,180,0,- мест,-----
,---,,0,-,No price,---,0,- мест,-----
68 000,Киа, 1.2,2018,бензин,1 380 000,84,0,- мест,-----
77 653,Мицубиси, 2.4,2013,бензин,1 690 000,167,0,- мест,-----
,---,,0,-,No price,---,0,- мест,-----
103 866,Фольксваген, 1.4,2015,бензин,1 415 000,150,0,- мест,-----
220 453,Peugeot, 1.4,206,бензин,240 000,75,5.5,5,АКПП
129 500,Киа, 2.0,2018,бензин,1 850 000,150,7.4,5,АКПП
127 000,LADA, 1.6,2020,бензин,720 000,87,0,- мест,-----
80 000,Лада, 1.5,2107,бензин,70 000,71,8.5,5,МКПП
144 000,Лада, 1.6,2114,бензин,300 000,81,0,- мест,-----
158 644,Шевроле, 1.5,2008,бензин,75 000,86,6.7,5,МКПП
268 000,Фольксваген, 1.6,2016,бензин,510 000,90,5.8,5,МКПП
263 727,Субару, 2.0,2005,бензин,1 550 000,280,0,- мест,-----
69 094,Хендай, 1.6,2020,бензин,1 525 000,123,6.6,5,АКПП
150 000,Шкода, 2.0,2012,бензин,1 270 000,200,7.7,5,Робот
237 000,Киа, 2.0,2017,бензин,1 250 000,150,7.4,5,АКПП
,---,,0,-,No price,---,0,- мест,-----
18 584,RAM, 6.2,1500,бензин,14 500 000,702,19.6,5,АКПП
287 585,БМВ, 1.8,0,бензин,111 000,102,0,4 ,МКПП
40 000,Чери, 1.5,7,бензин,2 150 000,147,8.2,5,Вариатор
170 000,LADA, 1.6,4,бензин,870 000,87,0,- мест,-----
,---,,0,-,No price,---,0,- мест,-----
171 181,Ниссан, 2.0,2015,бензин,1 670 000,144,8.3,5,МКПП
83 842,Киа, 1.6,2019,бензин,1 910 000,128,0,- мест,-----
101 251,LADA, 1.6,2019,бензин,1 180 000,106,0,- мест,-----
,---,,0,-,No price,---,0,- мест,-----
,---,,0,-,No price,---,0,- мест,-----
245 000,Мицубиси, 3.0,2012,бензин,2 100 000,178,0,- мест,-----
,---,,0,-,No price,---,0,- мест,-----
,---,,0,-,No price,---,0,- мест,-----
,---,,0,-,No price,---,0,- мест,-----
212 302,Форд, 1.4,2006,бензин,340 000,80,6.0,5,Робот
250 000,Додж, 2.0,2008,бензин,400 000,160,0,- мест,-----
133 000,Джили, 2.4,2018,бензин,1 518 000,149,0,- мест,-----
,---,,0,-,No price,---,0,- мест,-----
250 000,Фольксваген, 1.4,2014,бензин,1 150 000,122,6.5,5,МКПП
77 000,Лексус, 1.8,200,бензин,1 900 000,99,0,5,Вариатор
177 944,Ситроен, 1.6,2018,дизель,1 879 000,90,0,- мест,-----
183 559,Тойота, 1.6,2013,бензин,1 297 665,132,0,- мест,-----
79 833,БМВ, 2.0,5,дизель,5 300 000,190,0,- мест,-----
80 232,БМВ, 3.0,5,дизель,8 500 000,249,0,- мест,-----
46 230,Хавейл, 2.0,7,бензин,2 349 000,190,8.4,5,Робот
45 114,Тойота, 2.0,4,бензин,4 050 000,149,6.6,5,Вариатор
138 512,Шкода, 1.4,2021,бензин,1 999 000,150,0,- мест,-----
6 510,LADA, 1.7,2024,бензин,1 099 000,83,0,- мест,-----
206 424,Мицубиси, 2.0,2018,бензин,1 799 000,146,0,- мест,-----
220 000,Шевроле, 1.5,2013,бензин,550 000,106,0,- мест,-----
93 000,Мерседес, 1.3,2018,бензин,2 499 000,150,0,- мест,-----
24 839,ГАК, 2.0,8,бензин,4 800 000,190,0,- мест,-----
214 500,Ниссан, 1.2,2007,бензин,550 000,80,0,- мест,-----
218 000,Джип, 3.6,2011,бензин,1 949 999,286,11.0,5,АКПП
123 555,Фольксваген, 2.0,2020,дизель,5 380 000,199,0,- мест,-----
212 000,Вольво, 2.5,90,бензин,790 000,210,0,- мест,-----
200 000,Шевроле, 1.5,2007,бензин,170 000,86,6.7,5,МКПП
206 000,Фольксваген, 2.0,2013,бензин,1 294 000,170,0,- мест,-----
,---,,0,-,No price,---,0,- мест,-----
92 000,Хендай, 2.5,1,дизель,3 750 000,170,8.8,8,АКПП
175 000,Фольксваген, 1.4,2013,бензин,1 300 000,122,5.0,5,Робот
230 000,Опель, 1.6,1998,бензин,70 000,75,0,- мест,-----
151 500,Фольксваген, 1.6,2015,бензин,899 000,105,0,- мест,-----
65 942,Рено, 1.6,2019,бензин,1 285 000,102,8.6,5,АКПП
148 862,Фольксваген, 2.0,2020,бензин,5 000 000,249,0,- мест,-----
116 027,Ягуар, 2.0,2019,дизель,3 395 000,179,0,- мест,-----
114 398,Киа, 1.6,2020,бензин,1 398 000,123,0,- мест,-----
211 881,Лифан, 1.5,50,бензин,447 000,103,0,- мест,-----
150,Джили, 1.5,2024,бензин,2 657 000,172,0,- мест,-----
65 000,Тойота, 4.5,2017,дизель,7 650 000,249,0,- мест,-----
140 000,Киа, 2.5,5,бензин,2 457 000,194,0,- мест,-----
18 730,Evolute,---,2022,электро,1 670 000,163,0,5,Редуктор
58 000,Ниссан, 1.6,2018,бензин,1 850 000,117,0,- мест,-----
155 000,Фольксваген, 1.4,2014,бензин,1 290 000,122,0,- мест,-----
107 694,Форд, 1.5,2017,бензин,1 699 000,150,0,- мест,-----
,---,,0,-,No price,---,0,- мест,-----
112 444,Volvo, 1.6,40,дизель,1 349 000,115,0,- мест,-----
175 737,Киа, 1.6,2015,бензин,1 049 000,123,0,- мест,-----
,---,,0,-,No price,---,0,- мест,-----
,---,,0,-,No price,---,0,- мест,-----
73 643,LADA, 1.6,2020,бензин,1 180 000,106,0,- мест,-----
64 030,Рено, 2.0,2018,бензин,1 699 000,143,0,- мест,-----
125 500,Шкода, 1.4,2016,бензин,1 550 000,150,0,- мест,-----
41 912,БМВ, 2.0,4,дизель,5 300 000,190,5.4,5,АКПП
298 000,Фольксваген, 2.0,2005,бензин,450 000,150,8.7,5,АКПП
,---,,0,-,No price,---,0,- мест,-----
,---,,0,-,No price,---,0,- мест,-----
,---,,0,-,No price,---,0,- мест,-----
31 867,LADA, 1.6,2020,бензин,1 079 000,98,0,- мест,-----
149 000,Шевроле, 1.6,2012,бензин,769 000,109,0,- мест,-----
46 724,LADA, 1.6,2022,бензин,1 079 000,90,0,- мест,-----
318 743,Фольксваген, 1.4,2011,бензин,779 000,122,0,- мест,-----
185 836,Киа, 2.0,2013,бензин,1 319 000,150,0,- мест,-----
208 000,Ниссан, 2.0,2010,бензин,989 000,141,0,- мест,-----
,---,,0,-,No price,---,0,- мест,-----
34 673,Мазда, 2.0,5,бензин,3 140 000,150,0,- мест,-----
71 232,Хендай, 2.0,2018,бензин,2 159 000,150,0,- мест,-----
240 000,Volvo, 1.6,40,бензин,299 000,109,0,- мест,-----
156 515,Форд, 2.0,2011,бензин,919 000,145,0,- мест,-----
95 000,Ниссан, 1.2,2017,бензин,1 499 000,115,0,- мест,-----
200 000,Шевроле, 1.6,2007,бензин,300 000,109,0,- мест,-----
err,err,err,err,err,err,err,err,err,err
,Форд, 1.8,2007,бензин,275 000,125,0,- мест,-----
345 000,Ауди, 2.6,6,бензин,350 000,150,8.6,5,МКПП
155 228,Мазда, 2.0,5,бензин,2 420 000,150,0,- мест,-----
,---,,0,-,No price,---,0,- мест,-----
143 326,LADA, 1.6,2018,бензин,499 000,87,0,- мест,-----
195 747,LADA, 1.6,2019,бензин,799 000,87,0,- мест,-----
170 112,LADA, 1.6,2020,бензин,939 000,106,0,- мест,-----
260 000,Форд, 1.6,2016,бензин,588 000,105,0,- мест,-----
292 302,Сузуки, 2.0,2007,бензин,599 000,140,0,- мест,-----
18 542,Чанган, 2.0,2022,бензин,3 250 000,226,0,- мест,-----
87 000,Мазда, 2.5,5,бензин,2 700 000,187,0,5,АКПП
,---,,0,-,No price,---,0,- мест,-----
27 377,Шкода, 1.6,2021,бензин,2 826 400,110,0,- мест,-----
243 000,Мазда, 2.0,6,бензин,500 000,147,0,- мест,-----
50 200,Пежо, 2.0,2020,дизель,4 400 000,150,0,- мест,-----
,---,,0,-,No price,---,0,- мест,-----
184 000,Фольксваген, 2.0,2010,бензин,700 000,200,8.5,4 ,Робот
35 000,Лада, 1.5,2105,бензин,117 777,71,8.8,5,МКПП
310 000,Форд, 2.2,2006,дизель,500 000,155,6.1,5,МКПП
85 000,Меркури, 2.5,2000,бензин,500 000,170,0,- мест,-----
,---,,0,-,No price,---,0,- мест,-----
177 241,БМВ, 2.0,5,бензин,2 080 000,245,0,- мест,-----
4 018,Ауди, 2.0,6,бензин,8 200 000,265,9.3,7,Робот
,---,,0,-,No price,---,0,- мест,-----
,---,,0,-,No price,---,0,- мест,-----
,---,,0,-,No price,---,0,- мест,-----
34 322,Ниссан, 1.6,2018,бензин,1 140 000,102,0,- мест,-----
77 000,Шкода, 1.2,2014,бензин,1 170 000,105,0,- мест,-----
123 000,Киа, 3.3,2017,бензин,2 750 000,250,10.5,7,АКПП
,---,,0,-,No price,---,0,- мест,-----
,---,,0,-,No price,---,0,- мест,-----
194 476,Лада, 1.5,2115,бензин,110 000,76,7.3,5,МКПП
349 500,Шевроле, 5.3,2011,бензин,1 820 000,325,12.2,8,АКПП
88 222,Киа, 1.4,2011,бензин,699 000,95,0,- мест,-----
192 000,LADA, 1.6,2012,бензин,299 000,98,0,- мест,-----
160 000,Фольксваген, 1.6,2017,бензин,1 099 000,110,0,- мест,-----
155 000,Рено, 1.6,2008,бензин,339 000,87,0,- мест,-----
24 850,LADA, 1.6,2023,бензин,1 419 000,106,0,- мест,-----
191 506,Дэу, 1.6,2011,бензин,129 000,109,0,- мест,-----
15 000,Мазда, 2.0,4,бензин,2 995 000,158,0,- мест,-----
,---,,0,-,No price,---,0,- мест,-----
143 000,Шкода, 1.4,2008,бензин,495 000,75,0,- мест,-----
219 000,Ситроен, 1.6,5,бензин,545 000,120,0,- мест,-----
8 500,Джили, 2.0,2023,бензин,3 849 000,238,0,- мест,-----
,---,,0,-,No price,---,0,- мест,-----
196 243,Чери, 2.4,11,бензин,178 000,129,0,- мест,-----
134 000,Peugeot, 1.6,207,бензин,339 000,120,7.0,5,АКПП
100,Сяоми,---,7,электро,7 400 000,673,0,5,Редуктор
200 000,Киа, 1.6,2017,бензин,1 349 000,130,0,- мест,-----
28 300,Омода, 1.5,5,бензин,2 300 000,147,7.1,5,Вариатор
,---,,0,-,No price,---,0,- мест,-----
,---,,0,-,No price,---,0,- мест,-----
131 000,LADA, 1.6,2019,бензин,1 105 000,106,0,- мест,-----
18 500,ВАЗ, 1.7,4,бензин,779 000,83,0,- мест,-----
83 000,Фольксваген, 1.6,2011,бензин,949 000,102,0,- мест,-----
,---,,0,-,No price,---,0,- мест,-----
88 961,Хендай, 2.2,2020,дизель,3 495 000,200,0,- мест,-----
270 000,Тойота, 2.0,1993,дизель,270 000,85,0,- мест,-----
280 000,Ниссан, 3.5,2000,бензин,400 000,220,14.5,5,АКПП
8 200,БМВ, 2.0,3,бензин,5 700 000,249,0,- мест,-----
225 000,Сузуки, 1.6,4,бензин,850 000,112,7.6,5,АКПП
105 000,Лада, 1.6,2114,бензин,330 000,81,0,- мест,-----
246 000,Тойота, 2.5,2012,бензин,1 649 000,181,0,- мест,-----
190 000,Форд, 1.6,2016,бензин,999 000,125,0,- мест,-----
226 000,Peugeot, 1.6,3008,бензин,899 000,150,0,- мест,-----
107 000,СсангЙонг, 2.0,2012,бензин,949 000,149,0,- мест,-----
180 000,Ниссан, 2.5,2011,бензин,1 359 000,169,0,- мест,-----
124 637,Опель, 1.6,2008,бензин,549 000,115,0,- мест,-----
,---,,0,-,No price,---,0,- мест,-----
56 000,Чери, 1.5,7,бензин,1 820 000,147,0,- мест,-----
,---,,0,-,No price,---,0,- мест,-----
100 880,Чанган, 1.5,55,бензин,2 090 000,181,0,5,Робот
280 000,LADA, 1.6,2011,бензин,430 000,87,7.3,5,МКПП
,---,,0,-,No price,---,0,- мест,-----
,Ленд, 3.0,2010,дизель,1 850 000,245,0,- мест,-----
,---,,0,-,No price,---,0,- мест,-----
5 000,Фольксваген, 2.0,2024,бензин,6 590 000,220,0,- мест,-----
28 482,Фольксваген, 1.4,2021,бензин,2 320 000,125,0,- мест,-----
73 200,Ситроен, 1.0,1,бензин,590 000,68,4.6,4 ,Робот
66 352,Фольксваген, 1.4,2014,бензин,730 000,85,0,- мест,-----
115 000,Шкода, 1.6,2016,бензин,1 085 000,90,0,- мест,-----
,---,,0,-,No price,---,0,- мест,-----
233 700,Мазда, 2.0,6,бензин,1 000 000,147,0,- мест,-----
199 802,Лада, 1.5,21099,бензин,195 000,70,0,- мест,-----
,---,,0,-,No price,---,0,- мест,-----
,---,,0,-,No price,---,0,- мест,-----
181 100,Форд, 1.4,2006,бензин,499 000,80,0,- мест,-----
79 600,Хендай, 1.6,30,бензин,809 000,126,0,- мест,-----
150 000,Хендай, 2.2,2014,дизель,2 100 000,197,7.6,7,АКПП
,---,,0,-,No price,---,0,- мест,-----
127 415,Киа, 1.6,2019,бензин,1 230 000,123,0,- мест,-----
,---,,0,-,No price,---,0,- мест,-----
,---,,0,-,No price,---,0,- мест,-----
45 000,Мазда, 2.0,6,бензин,2 590 000,150,0,- мест,-----
100 000,Шкода, 1.4,2013,бензин,1 249 000,140,0,- мест,-----
124 000,Фольксваген, 1.4,2017,бензин,1 849 000,125,0,- мест,-----
228 000,Хонда, 2.4,2008,бензин,1 149 000,166,0,- мест,-----
89 000,Фольксваген, 1.6,2018,бензин,1 279 000,110,0,- мест,-----
68 000,LADA, 1.6,2022,бензин,1 399 000,113,0,- мест,-----
77 000,Шкода, 2.0,2019,дизель,3 099 000,150,0,- мест,-----
112 000,Хендай, 2.0,2018,бензин,1 849 000,150,0,- мест,-----
,---,,0,-,No price,---,0,- мест,-----
221 000,Ауди, 1.2,3,бензин,900 000,105,5.3,5,Робот
100 200,Фольксваген, 2.0,2018,бензин,2 990 000,180,0,- мест,-----
280 000,Лада, 1.5,2114,бензин,80 000,77,7.3,5,МКПП
115 300,Киа, 1.6,2016,бензин,1 200 000,124,0,- мест,-----
,---,,0,-,No price,---,0,- мест,-----
210 807,Ниссан, 2.0,2007,бензин,980 000,141,0,- мест,-----
,---,,0,-,No price,---,0,- мест,-----
127 000,Киа, 1.6,2019,бензин,1 499 000,123,0,- мест,-----
41 000,Джили, 2.4,2019,бензин,1 947 000,149,0,- мест,-----
35,Ли, 1.5,6,бензин,6 350 000,154,0,- мест,-----
270 000,Киа, 2.4,2010,бензин,1 299 000,175,0,- мест,-----
7 512,Джили, 2.0,2023,бензин,4 199 000,238,8.5,5,АКПП
190 000,Шевроле, 1.5,2006,бензин,110 000,86,6.7,5,МКПП
,---,,0,-,No price,---,0,- мест,-----
182 000,Фиат, 1.4,2008,бензин,249 000,77,0,- мест,-----
57 000,Шкода, 1.6,2020,бензин,1 799 000,110,0,- мест,-----
77 000,Хавейл, 1.5,7,бензин,1 999 000,150,0,- мест,-----
158 000,Киа, 1.6,2012,бензин,849 000,123,0,- мест,-----
50 000,LADA, 1.6,2021,бензин,839 000,87,0,- мест,-----
157 000,Ниссан, 2.0,2014,бензин,1 149 000,135,0,- мест,-----
18 000,Хавейл, 1.5,7,бензин,2 250 000,150,8.2,5,Робот
160 000,Peugeot, 1.6,408,бензин,719 000,150,0,- мест,-----
202 578,Киа, 1.2,2011,бензин,700 000,85,5.3,5,АКПП
233 000,Шкода, 1.6,2015,бензин,869 000,110,0,- мест,-----
,---,,0,-,No price,---,0,- мест,-----
324 000,Ниссан, 2.5,2013,дизель,1 349 000,190,0,- мест,-----
,---,,0,-,No price,---,0,- мест,-----
33 000,Сузуки, 1.6,2021,бензин,1 999 000,117,5.8,5,МКПП
299 000,Додж, 2.4,1999,бензин,169 000,152,0,- мест,-----
,---,,0,-,No price,---,0,- мест,-----
,---,,0,-,No price,---,0,- мест,-----
231 000,Мицубиси, 2.4,2012,бензин,1 169 000,167,0,- мест,-----
83 000,LADA, 1.4,2010,бензин,279 000,89,0,- мест,-----
139 000,Киа, 1.6,2019,бензин,1 799 000,128,0,- мест,-----
,---,,0,-,No price,---,0,- мест,-----
40 266,Опель, 1.8,1984,бензин,99 999,90,0,- мест,-----
202 291,БМВ, 2.0,3,бензин,1 620 000,184,0,- мест,-----
120 999,Мерседес, 1.6,2013,бензин,1 355 000,156,0,- мест,-----
73 808,Мерседес, 1.3,2018,бензин,2 728 470,150,0,- мест,-----
57 322,УАЗ, 2.7,2021,бензин,2 050 000,150,0,5,АКПП
270 000,Фольксваген, 1.4,2002,бензин,365 000,75,0,- мест,-----
123 000,Peugeot, 1.6,3008,бензин,680 000,150,0,- мест,-----
,---,,0,-,No price,---,0,- мест,-----
69 000,Рено, 1.6,2018,бензин,1 590 000,114,0,- мест,-----
246 000,Тойота, 2.5,2012,бензин,1 649 000,181,0,- мест,-----
190 000,Форд, 1.6,2016,бензин,999 000,125,0,- мест,-----
226 000,Peugeot, 1.6,3008,бензин,899 000,150,0,- мест,-----
107 000,СсангЙонг, 2.0,2012,бензин,949 000,149,0,- мест,-----
180 000,Ниссан, 2.5,2011,бензин,1 359 000,169,0,- мест,-----
,---,,0,-,No price,---,0,- мест,-----
150 000,Шевроле, 1.6,2013,бензин,680 000,115,0,- мест,-----
,---,,0,-,No price,---,0,- мест,-----
33 000,Мицубиси, 2.0,2022,бензин,2 800 000,146,0,- мест,-----
40 209,Чери, 1.5,4,бензин,1 850 000,147,0,- мест,-----
,---,,0,-,No price,---,0,- мест,-----
95 000,Субару, 2.0,10,бензин,1 500 000,150,0,- мест,-----
,---,,0,-,No price,---,0,- мест,-----
,Дэу, 0.8,2007,бензин,90 000,51,0,- мест,-----
61 811,Хендай, 1.4,2019,бензин,1 400 000,100,6.4,5,АКПП
230 000,Тойота, 1.8,2012,бензин,1 400 000,130,0,7,Вариатор
175 024,Хендай, 1.6,30,бензин,1 090 000,130,6.4,5,МКПП
178 953,Форд, 1.4,2007,бензин,549 000,80,0,- мест,-----
150 000,Киа, 1.6,2012,бензин,815 000,125,0,- мест,-----
,---,,0,-,No price,---,0,- мест,-----
162 773,Киа, 2.4,2016,бензин,1 700 000,188,0,- мест,-----
51 416,Лексус, 2.0,300,бензин,3 960 000,238,8.2,5,АКПП
,---,,0,-,No price,---,0,- мест,-----
158 000,Мерседес, 3.0,2017,дизель,3 725 000,249,6.6,5,АКПП
108 000,Ауди, 2.5,3,бензин,2 699 000,310,8.8,5,Робот
,---,,0,-,No price,---,0,- мест,-----
231 421,Сузуки, 1.6,2015,бензин,1 049 000,117,5.8,5,МКПП
,---,,0,-,No price,---,0,- мест,-----
234 000,Тойота, 3.3,2009,бензин,1 580 000,211,0,5,Вариатор
193 000,Форд, 2.0,2012,бензин,850 000,150,6.4,5,Робот
145 000,Мицубиси, 2.0,2016,бензин,1 690 000,146,0,- мест,-----
206 793,Форд, 1.6,2013,бензин,1 199 000,182,0,- мест,-----
186 941,Форд, 1.6,2012,бензин,840 000,125,0,- мест,-----
,---,,0,-,No price,---,0,- мест,-----
170 200,Тойота, 2.7,2011,бензин,3 210 000,163,12.5,5,АКПП
257 730,Шкода, 2.0,2013,бензин,1 239 000,200,0,- мест,-----
168 394,Фольксваген, 2.0,2018,бензин,2 620 000,180,0,- мест,-----
180 598,Шевроле, 1.6,2008,бензин,400 000,109,0,- мест,-----
112 000,Киа, 1.6,2020,бензин,1 979 000,128,0,- мест,-----
,---,,0,-,No price,---,0,- мест,-----
13 420,БМВ, 4.4,6,бензин,16 700 000,530,0,- мест,-----
40,Zeekr,---,007,электро,5 290 000,646,0,- мест,-----
34 000,Эксид, 1.6,2021,бензин,2 499 000,186,7.6,5,Робот
,---,,0,-,No price,---,0,- мест,-----
148 000,Опель, 1.6,2013,бензин,899 000,115,0,- мест,-----
104 000,Опель, 1.2,2013,бензин,540 000,85,0,- мест,-----
180 000,Опель, 3.2,2011,бензин,1 049 000,227,0,- мест,-----
69 000,Тойота, 1.8,2019,бензин,2 300 000,99,3.0,5,Вариатор
200 000,Хонда, 2.0,2008,бензин,970 000,156,0,5,АКПП
275 600,Лексус, 2.7,270,бензин,2 200 000,188,9.8,5,АКПП
36 500,LADA, 1.6,2022,бензин,1 399 000,113,0,5,Вариатор
250 000,Опель, 2.0,1995,бензин,240 000,116,0,- мест,-----
108 657,Мерседес, 2.0,2019,бензин,4 400 000,197,0,- мест,-----
450 000,Лексус, 3.0,300,бензин,929 000,220,11.8,5,АКПП
176 000,Хендай, 2.0,2018,бензин,2 300 000,149,8.0,5,АКПП
220 000,Фольксваген, 1.4,2016,бензин,1 150 000,125,5.7,5,МКПП
183 000,Шкода, 1.4,2015,бензин,1 149 000,150,0,- мест,-----
65 394,Шкода, 1.8,2019,бензин,2 349 000,180,0,- мест,-----
,---,,0,-,No price,---,0,- мест,-----
47 000,Форд, 1.6,2015,бензин,970 000,85,5.9,5,МКПП
,---,,0,-,No price,---,0,- мест,-----
125 620,Рено, 1.6,2018,бензин,970 000,102,8.6,5,АКПП
85 758,Хендай, 2.4,2018,бензин,2 647 000,171,0,- мест,-----
70 700,Киа, 2.4,2020,бензин,3 087 000,188,0,- мест,-----
244 000,Лексус, 2.5,250,бензин,1 550 000,208,0,- мест,-----
229 000,Киа, 2.0,2014,бензин,1 219 000,150,0,- мест,-----
187 500,Рено, 2.5,2013,бензин,1 229 000,171,0,- мест,-----
,---,,0,-,No price,---,0,- мест,-----
,---,,0,-,No price,---,0,- мест,-----
89 254,LADA, 1.6,2016,бензин,620 000,106,0,- мест,-----
33 909,Рено, 1.6,2019,бензин,1 675 000,114,0,- мест,-----
107 213,Рено, 1.6,2018,бензин,1 190 000,102,0,- мест,-----
147 170,Тойота, 2.0,4,бензин,2 425 000,146,0,- мест,-----
280 501,БМВ, 3.0,6,дизель,1 950 000,235,8.2,4 ,АКПП
196 000,LADA, 1.6,2010,бензин,450 000,98,7.2,5,МКПП
,---,,0,-,No price,---,0,- мест,-----
120 300,Хендай, 1.1,2007,бензин,450 000,67,0,- мест,-----
76 000,БМВ, 2.0,5,бензин,5 800 000,252,6.1,5,АКПП
54 156,Хендай, 1.6,2020,бензин,1 745 000,123,0,- мест,-----
,---,,0,-,No price,---,0,- мест,-----
236 316,БМВ, 2.0,5,бензин,1 695 000,245,0,- мест,-----
,---,,0,-,No price,---,0,- мест,-----
,---,,0,-,No price,---,0,- мест,-----
,---,,0,-,No price,---,0,- мест,-----
100 000,Ленд, 2.2,2014,дизель,2 700 000,150,0,- мест,-----
106 000,Ниссан, 1.6,2021,бензин,1 519 000,114,0,- мест,-----
141 000,Форд, 1.5,2016,бензин,1 299 000,150,0,- мест,-----
330 000,Хонда, 1.5,2007,бензин,350 000,90,0,7,Вариатор
153 000,БМВ, 2.0,5,бензин,2 499 000,184,0,- мест,-----
49 100,Субару, 1.6,2016,бензин,1 900 000,170,5.7,5,Вариатор
28 000,Киа, 1.6,2021,бензин,1 880 000,128,6.8,5,МКПП
86 500,Мини, 2.0,2016,бензин,2 250 000,192,0,- мест,-----
80 489,Фотон, 2.0,2016,бензин,1 200 000,217,0,- мест,-----
,---,,0,-,No price,---,0,- мест,-----
244 000,Ниссан, 1.6,2007,бензин,369 000,107,6.8,5,МКПП
23,RAM, 6.2,1500,бензин,22 490 000,702,19.6,5,АКПП
215 500,Мицубиси, 2.0,2011,бензин,1 250 000,147,8.0,5,Вариатор
100 233,Фольксваген, 2.0,2019,дизель,3 200 000,150,0,- мест,-----
34 000,Мицубиси, 3.8,2019,бензин,4 200 000,250,0,7,АКПП
88 863,LADA, 1.8,2019,бензин,920 000,122,0,- мест,-----
162 916,Рено, 1.6,2014,бензин,870 000,102,0,- мест,-----
,---,,0,-,No price,---,0,- мест,-----
144 734,Киа, 1.6,2013,бензин,980 000,126,7.0,5,АКПП
245 000,Опель, 2.2,2013,дизель,1 025 000,184,7.8,5,АКПП
125 000,Шкода, 1.8,2011,бензин,970 000,152,6.9,5,МКПП
,---,,0,-,No price,---,0,- мест,-----
69 400,Рено, 1.5,2021,дизель,2 070 000,109,0,- мест,-----
177 000,Peugeot, 1.4,206,бензин,450 000,75,7.0,5,МКПП
290 000,Тойота, 2.0,4,бензин,480 000,135,0,4 ,АКПП
148 600,Мицубиси, 1.5,2007,бензин,800 000,109,7.0,5,АКПП
225 000,Тойота, 1.3,2002,бензин,550 000,90,0,- мест,-----
200 000,Audi, 1.8,0,бензин,150 000,90,7.4,5,МКПП
88 950,Порше, 4.0,2021,бензин,11 600 000,460,0,- мест,-----
4 000,Омода, 1.6,5,бензин,2 600 000,150,0,- мест,-----
172 000,Киа, 2.0,2019,бензин,2 050 000,150,0,- мест,-----
23 863,Чери, 1.5,4,бензин,1 747 000,113,7.4,5,МКПП
132 120,Хендай, 1.6,2016,бензин,1 220 000,123,0,- мест,-----
,---,,0,-,No price,---,0,- мест,-----
73 572,Мазда, 2.5,6,бензин,2 619 000,194,0,- мест,-----
40 000,Дэу, 0.8,2010,бензин,299 000,52,0,- мест,-----
335 213,Шевроле, 1.8,2011,бензин,615 000,141,0,- мест,-----
61 000,Эксид, 1.6,2020,бензин,2 175 000,186,0,- мест,-----
,---,,0,-,No price,---,0,- мест,-----
84 200,LADA, 1.6,2018,бензин,1 175 000,106,0,- мест,-----
,---,,0,-,No price,---,0,- мест,-----
62 337,Тойота, 2.5,4,бензин,3 900 000,199,0,- мест,-----
,---,,0,-,No price,---,0,- мест,-----
,---,,0,-,No price,---,0,- мест,-----
,---,,0,-,No price,---,0,- мест,-----
240 000,Мерседес, 1.8,2011,бензин,1 380 000,184,0,- мест,-----
20 251,Ауди, 2.5,3,бензин,10 750 000,400,0,- мест,-----
94 157,Киа, 2.0,2019,бензин,1 995 000,150,8.0,5,АКПП
252 788,Ниссан, 2.5,2007,дизель,1 100 000,174,0,- мест,-----
,---,,0,-,No price,---,0,- мест,-----
105 576,Киа, 1.0,2006,бензин,410 000,60,0,- мест,-----
63 901,Мерседес, 2.0,2013,бензин,1 949 000,184,0,- мест,-----
274 740,Киа, 2.0,2009,бензин,699 000,156,0,- мест,-----
55 345,Ниссан, 2.5,2020,бензин,3 290 000,171,0,- мест,-----
181 695,Киа, 1.6,2017,бензин,1 149 000,123,0,- мест,-----
84 674,Киа, 2.0,2021,бензин,2 625 669,150,0,- мест,-----
200 316,Фольксваген, 1.6,2018,бензин,1 049 000,110,0,- мест,-----
131 551,БМВ, 2.0,5,бензин,2 524 000,184,0,- мест,-----
,---,,0,-,No price,---,0,- мест,-----
49 500,Ленд, 3.0,2021,дизель,8 300 000,249,6.9,5,АКПП
115 000,Peugeot, 1.2,2008,бензин,799 000,82,0,- мест,-----
89 458,Мерседес, 2.9,2019,дизель,5 260 000,249,0,- мест,-----
91 023,Опель, 1.6,2008,бензин,598 600,115,0,- мест,-----
132 884,Мазда, 2.0,5,бензин,2 799 000,150,0,- мест,-----
,---,,0,-,No price,---,0,- мест,-----
116 139,БМВ, 3.0,5,дизель,5 049 000,249,0,- мест,-----
169 569,LADA, 1.8,2017,бензин,819 000,122,0,- мест,-----
36 467,Фольксваген,,4,-,2 950 000,---,0,- мест,-----
176 040,Тойота, 1.6,2008,бензин,869 990,124,0,- мест,-----
265 458,Шевроле, 1.8,2012,бензин,850 000,141,0,- мест,-----
180 682,Фольксваген, 1.6,2014,бензин,1 000 000,105,0,- мест,-----
40 903,БМВ, 2.0,3,дизель,6 500 000,190,0,- мест,-----
,---,,0,-,No price,---,0,- мест,-----
139 161,Ситроен, 1.6,4,бензин,1 175 000,116,6.6,5,АКПП
131 451,Иран, 1.8,2007,бензин,278 000,100,0,- мест,-----
104 792,Киа, 2.0,2019,бензин,2 050 000,150,0,- мест,-----
82 000,Вольво, 2.0,60,бензин,3 799 000,249,0,- мест,-----
12 000,Хендай, 2.2,2022,дизель,4 649 000,199,0,- мест,-----
,---,,0,-,No price,---,0,- мест,-----
347 000,БМВ, 2.5,5,бензин,1 140 000,192,9.4,5,АКПП
89 651,Хендай, 2.2,2020,дизель,3 549 000,200,0,- мест,-----
125 803,БМВ, 2.0,1,бензин,2 749 000,192,0,- мест,-----
226 340,Тойота, 1.8,2006,бензин,700 000,129,0,- мест,-----
25 500,ФАВ, 1.5,77,бензин,2 050 000,160,0,- мест,-----
275 452,Вольво, 2.4,70,дизель,1 100 000,175,0,- мест,-----
140 620,Мерседес, 2.9,2020,дизель,14 500 000,249,9.8,5,АКПП
350 000,Тойота, 1.6,1997,бензин,150 000,106,7.1,5,МКПП
,---,,0,-,No price,---,0,- мест,-----
108 400,Хендай, 1.6,2018,бензин,850 000,123,0,- мест,-----
269 920,Форд, 1.6,2010,бензин,465 000,100,0,- мест,-----
95 070,LADA, 1.6,2014,бензин,529 990,106,0,- мест,-----
,---,,0,-,No price,---,0,- мест,-----
260 000,Лада, 1.6,2114,бензин,150 000,81,7.6,5,МКПП
87 172,Инфинити, 2.5,50,бензин,2 349 000,222,0,- мест,-----
177 000,БМВ, 1.6,3,бензин,1 300 000,136,0,- мест,-----
,---,,0,-,No price,---,0,- мест,-----
18 000,Киа, 1.6,5,бензин,3 500 000,180,7.6,5,АКПП
132 140,Киа, 2.0,2019,бензин,2 050 000,150,0,- мест,-----
112 730,Фольксваген, 1.4,2013,бензин,1 200 000,150,0,- мест,-----
294 000,Джип, 3.6,2013,бензин,2 049 000,286,0,- мест,-----
96 000,Шевроле, 1.7,2018,бензин,769 000,80,0,- мест,-----
110 000,Ауди, 2.0,5,бензин,1 790 000,225,0,- мест,-----
170 000,Киа, 1.6,2007,бензин,440 000,122,0,- мест,-----
350 984,Киа,---,2007,бензин,829 000,---,0,- мест,-----
95 096,Порше, 3.0,2018,бензин,5 470 000,340,0,- мест,-----
283 336,Ауди, 3.0,6,бензин,2 289 000,333,0,- мест,-----
202 000,Рено, 2.0,2018,бензин,1 350 000,143,0,- мест,-----
123 353,Киа, 1.3,2021,бензин,1 259 000,84,0,- мест,-----
,---,,0,-,No price,---,0,- мест,-----
145 000,Шкода, 1.6,2017,бензин,1 150 000,90,0,- мест,-----
82 743,Киа, 2.0,5,бензин,1 870 000,150,0,- мест,-----
375 907,Мицубиси, 1.6,2002,бензин,285 000,103,0,- мест,-----
268 000,Тойота, 3.5,2014,бензин,2 699 000,249,0,- мест,-----
241 000,Хендай, 1.6,2011,бензин,855 000,142,0,- мест,-----
190 000,Тойота, 1.6,2007,бензин,850 000,124,0,- мест,-----
91 501,Шкода, 1.4,2019,бензин,1 517 000,125,0,- мест,-----
78 162,Рено, 1.3,2019,бензин,1 685 000,150,0,- мест,-----
,---,,0,-,No price,---,0,- мест,-----
4 847,Эксид, 1.6,2022,бензин,2 585 000,186,7.6,5,Робот
,---,,0,-,No price,---,0,- мест,-----
64 578,Киа, 2.0,2019,дизель,2 236 000,186,0,- мест,-----
194 000,СсангЙонг, 2.0,2014,дизель,899 000,141,0,- мест,-----
200 000,Лада, 1.5,0,бензин,65 000,76,7.3,5,МКПП
89 000,Шкода, 1.4,2020,бензин,2 429 000,125,6.1,5,МКПП
,---,,0,-,No price,---,0,- мест,-----
177 000,Киа, 2.4,2018,бензин,2 050 000,188,8.3,5,АКПП
148 000,ИЖ, 4.0,2717,бензин,150 000,74,0,- мест,-----
,---,,0,-,No price,---,0,- мест,-----
264 000,Ленд, 2.2,2008,дизель,749 000,160,0,- мест,-----
258 000,Фольксваген, 2.0,2010,бензин,1 274 990,170,0,- мест,-----
356 299,Киа, 2.9,2009,дизель,690 000,185,0,- мест,-----
263 458,СсангЙонг, 2.0,2013,дизель,715 000,149,0,- мест,-----
34,Zeekr,,001,-,7 450 000,---,0,- мест,-----
142 000,Хонда, 1.5,2017,бензин,1 250 000,110,0,- мест,-----
202 339,Киа, 1.6,2014,бензин,1 004 000,129,0,- мест,-----
134 000,Шевроле, 1.5,2007,бензин,260 000,86,6.7,5,МКПП
,---,,0,-,No price,---,0,- мест,-----
95 000,Peugeot, 1.5,308,дизель,1 390 000,102,3.7,5,МКПП
175 000,Тойота, 1.4,2003,бензин,355 000,97,0,- мест,-----
66 734,Тойота, 2.5,2021,бензин,3 759 000,200,0,- мест,-----
49 500,Чанган, 2.0,2023,бензин,3 050 000,226,8.4,5,АКПП
145 120,Ауди, 1.4,3,бензин,1 090 000,122,0,- мест,-----
41 398,БМВ, 3.0,4,дизель,6 490 000,249,6.2,5,АКПП
215 000,Ниссан, 1.6,2007,бензин,399 000,110,0,- мест,-----
,---,,0,-,No price,---,0,- мест,-----
62 805,Хендай, 1.6,2018,бензин,1 850 000,121,0,- мест,-----
173 000,Рено, 2.0,2018,бензин,1 365 000,143,0,- мест,-----
228 149,Ленд, 2.2,2010,дизель,1 350 000,160,8.5,5,АКПП
308 000,Ниссан, 1.6,2008,бензин,480 000,107,7.6,5,АКПП
,---,,0,-,No price,---,0,- мест,-----
122 250,Рено, 1.6,2014,бензин,639 000,103,8.6,5,АКПП
110 000,Шевроле, 1.0,2012,бензин,780 000,68,6.3,5,АКПП
100 000,Мерседес, 2.0,2018,бензин,3 750 000,184,0,- мест,-----
140 000,Хонда, 1.3,2011,бензин,849 000,100,0,- мест,-----
280 000,Ниссан, 2.0,2012,дизель,1 550 000,150,0,- мест,-----
89 708,Фольксваген, 1.4,2014,бензин,1 479 000,122,0,- мест,-----
62 000,БМВ, 3.0,5,бензин,2 570 500,306,0,- мест,-----
270 000,Мазда, 1.6,3,бензин,820 000,105,0,- мест,-----
177 272,Мазда, 1.6,3,бензин,1 180 000,105,0,- мест,-----
133 000,Хонда, 1.5,2016,бензин,1 380 000,132,0,- мест,-----
120 000,Чери, 1.8,11,бензин,593 900,132,0,- мест,-----
,---,,0,-,No price,---,0,- мест,-----
107 000,Ауди, 2.0,5,дизель,4 500 000,190,4.6,4 ,Робот
,---,,0,-,No price,---,0,- мест,-----
,---,,0,-,No price,---,0,- мест,-----
65 232,Мерседес, 2.1,2019,дизель,3 815 000,170,0,- мест,-----
59 839,Хончи, 1.5,5,бензин,2 749 000,169,0,- мест,-----
180 000,Тойота, 1.0,2016,бензин,970 000,69,3.6,5,Вариатор
271 000,Ауди, 1.6,4,бензин,510 000,101,0,5,МКПП
190 150,Peugeot, 1.6,308,бензин,349 000,150,0,- мест,-----
171 403,СсангЙонг, 2.0,2008,дизель,888 888,141,8.5,5,АКПП
3 500,Омода, 1.5,5,бензин,2 050 000,147,0,- мест,-----
32 000,Форд, 2.3,2019,бензин,3 161 000,317,0,- мест,-----
146 000,Мицубиси, 1.5,2018,бензин,1 759 000,150,0,- мест,-----
110 800,Киа, 2.2,2019,дизель,2 850 500,200,0,- мест,-----
228 000,Рено, 1.6,2011,бензин,399 900,84,0,- мест,-----
,---,,0,-,No price,---,0,- мест,-----
157 310,БМВ, 2.0,5,дизель,2 350 000,190,0,- мест,-----
182 851,Хендай, 2.4,2014,бензин,1 879 000,175,0,- мест,-----
235 900,Киа, 2.0,2007,дизель,394 900,140,0,- мест,-----
154 327,Ситроен, 1.6,3,бензин,649 000,115,0,- мест,-----
10,Киа, 2.5,2024,бензин,6 100 777,179,0,- мест,-----
247 000,Ниссан, 2.5,2001,бензин,300 000,215,0,5,АКПП
98 000,БМВ, 3.0,6,бензин,2 500 000,306,12.1,4 ,АКПП
215 000,Тойота, 1.8,2014,бензин,1 200 000,99,0,5,Вариатор
167 368,LADA, 1.6,2018,бензин,840 000,106,0,- мест,-----
74 550,Ниссан, 2.0,2017,бензин,2 000 000,144,0,- мест,-----
90 670,УАЗ, 2.9,3151,бензин,299 990,85,0,- мест,-----
,---,,0,-,No price,---,0,- мест,-----
250 000,Дэу, 1.5,2001,бензин,100 000,75,0,- мест,-----
,---,,0,-,No price,---,0,- мест,-----
154 232,Шевроле, 1.8,2012,бензин,1 539 000,141,0,- мест,-----
323 000,Хонда, 2.2,1997,бензин,830 000,220,0,4 ,МКПП
150 000,Тойота, 2.5,1998,бензин,1 850 000,280,0,5,МКПП
157 000,Ниссан, 3.5,2013,бензин,1 598 000,249,0,- мест,-----
153 778,Киа, 1.6,2015,бензин,1 259 000,129,0,- мест,-----
360 000,Peugeot, 1.6,307,бензин,495 000,109,0,- мест,-----
92 333,Мазда, 2.0,5,бензин,2 310 000,150,6.9,5,АКПП
,---,,0,-,No price,---,0,- мест,-----
256 903,Додж, 2.4,2002,бензин,199 000,152,0,- мест,-----
128 360,Мазда, 2.5,6,бензин,2 219 000,194,0,- мест,-----
144 072,Ауди, 3.0,7,бензин,3 849 000,333,0,- мест,-----
,---,,0,-,No price,---,0,- мест,-----
100 000,Дайхатсу, 2.8,1990,дизель,850 000,87,10.4,4 ,МКПП
253 212,Ситроен,---,4,бензин,535 000,---,0,- мест,-----
,---,,0,-,No price,---,0,- мест,-----
31 000,Шкода, 1.4,2020,бензин,2 749 000,150,0,- мест,-----
,---,,0,-,No price,---,0,- мест,-----
77 775,Хендай, 1.6,2019,бензин,1 649 000,123,0,- мест,-----
70 000,Ягуар, 2.0,2017,дизель,2 799 000,180,0,- мест,-----
200 000,Лада, 1.6,2114,бензин,235 000,89,7.4,5,МКПП
20 833,Датсун, 1.6,2020,бензин,680 000,87,0,- мест,-----
210 040,Шевроле, 1.4,2009,бензин,595 000,94,0,- мест,-----
14 300,Ауди, 2.0,5,бензин,5 930 000,265,0,- мест,-----
34 000,Джак, 1.5,7,бензин,1 730 000,150,0,- мест,-----
9 913,Порше, 4.0,2021,бензин,17 531 500,420,0,- мест,-----
355 000,Лада, 1.5,2114,бензин,150 000,77,7.3,5,МКПП
,---,,0,-,No price,---,0,- мест,-----
,---,,0,-,No price,---,0,- мест,-----
,---,,0,-,No price,---,0,- мест,-----
,---,,0,-,No price,---,0,- мест,-----
,---,,0,-,No price,---,0,- мест,-----
156 000,LADA, 1.6,2010,бензин,300 000,98,0,- мест,-----
119 700,Ауди, 2.0,4,бензин,3 095 000,190,0,- мест,-----
121 112,LADA, 1.6,2018,бензин,1 024 000,106,0,- мест,-----
11 000,Киа, 2.2,2022,дизель,6 000 000,199,6.5,8,АКПП
,---,,0,-,No price,---,0,- мест,-----
280 000,Хонда, 2.0,1997,бензин,650 000,133,9.2,5,МКПП
,---,,0,-,No price,---,0,- мест,-----
167 032,БМВ, 2.0,3,бензин,1 868 000,245,0,- мест,-----
193 000,Лексус, 3.5,350,бензин,1 994 251,277,0,- мест,-----
413 000,Мазда, 1.8,2000,бензин,265 000,135,0,- мест,-----
165 891,Лифан, 1.5,50,бензин,584 000,103,0,- мест,-----
315 000,Шкода, 1.6,2015,бензин,690 000,110,0,- мест,-----
,---,,0,-,No price,---,0,- мест,-----
119 572,Хендай, 1.6,2015,бензин,1 050 000,123,0,- мест,-----
195 000,Опель, 1.4,2012,бензин,890 000,140,6.9,5,АКПП
168 585,Мицубиси, 2.0,2013,бензин,1 300 000,146,7.8,5,Вариатор
373 654,Ниссан, 3.5,2012,бензин,890 000,249,0,- мест,-----
183 000,Киа, 2.4,2017,бензин,2 700 000,188,9.4,5,АКПП
195 920,Мицубиси, 3.0,2013,бензин,1 690 000,230,0,- мест,-----
200 000,LADA, 1.6,2019,бензин,750 000,87,6.8,5,МКПП
251 232,Киа,---,2014,бензин,1 575 000,---,0,- мест,-----
,---,,0,-,No price,---,0,- мест,-----
260 000,Форд, 1.6,2008,бензин,450 000,115,0,- мест,-----
119 576,Рено, 1.3,2019,бензин,1 511 000,150,0,- мест,-----
,---,,0,-,No price,---,0,- мест,-----
239 000,Шевроле, 3.2,2007,бензин,1 065 000,230,11.5,5,АКПП
,---,,0,-,No price,---,0,- мест,-----
228 300,Форд, 1.6,2008,бензин,564 990,125,7.4,5,МКПП
278 662,Вольво, 2.4,70,дизель,1 634 000,163,0,- мест,-----
218 650,Тойота, 1.3,2006,бензин,555 000,87,0,- мест,-----
390 000,Ауди, 2.8,8,бензин,530 000,174,8.9,5,МКПП
153 936,Фольксваген, 2.0,2012,бензин,1 370 000,170,0,- мест,-----
107,Хонда, 1.5,2010,бензин,1 199 999,118,0,- мест,-----
40 000,Лада, 1.6,2107,бензин,60 000,74,8.5,5,МКПП
16 645,Чери, 1.5,8,бензин,3 200 000,147,1.3,7,Редуктор
,---,,0,-,No price,---,0,- мест,-----
232 000,БМВ, 2.0,3,дизель,2 120 000,184,4.3,5,АКПП
148 350,LADA, 1.6,2010,бензин,360 000,98,0,- мест,-----
80 851,Хендай, 2.0,2019,бензин,1 610 000,150,0,- мест,-----
,---,,0,-,No price,---,0,- мест,-----
56,Ли, гибр,6,1.5 л,6 350 000,408,0,- мест,-----
154 000,Киа, 1.6,2013,бензин,1 210 000,129,6.8,5,АКПП
107,Тойота, 2.0,2024,бензин,4 520 000,173,0,- мест,-----
470 000,БМВ, 2.9,5,дизель,870 000,184,0,- мест,-----
109 100,Шкода, 1.5,2019,бензин,2 049 000,130,0,- мест,-----
1 100,Форд, 2.3,2024,дизель,6 800 000,183,0,- мест,-----
